Normal,Foil,Name,Set,Card Number,Color,Rarity,Price,Foil Price
2,0,"Ariel - On Human Legs",001,1,Amber,Uncommon,"€0.08","€0.63"
0,0,"Ariel - Spectacular Singer",001,2,Amber,Super Rare,"€3.54","€14.86"
3,0,"Cinderella - Gentle and Kind",001,3,Amber,Uncommon,"€0.11","€0.35"
0,0,"Goofy - Musketeer",001,4,Amber,Uncommon,"€0.14","€0.32"
1,0,"Hades - King of Olympus",001,5,Amber,Rare,"€0.39","€0.67"
2,0,"Hades - Lord of the Underworld",001,6,Amber,Rare,"€0.20","€2.74"
4,0,"HeiHei - Boat Snack",001,7,Amber,Common,"€0.13","€0.25"
2,0,"LeFou - Bumbler",001,8,Amber,Uncommon,"€0.08","€0.24"
0,0,"Lilo - Making a Wish",001,9,Amber,Rare,"€3.27","€8.60"
1,0,"Maximus - Palace Horse",001,10,Amber,Super Rare,"€0.36","€0.77"
4,0,"Maximus - Relentless Pursuer",001,11,Amber,Uncommon,"€0.10","€0.40"
3,0,"Mickey Mouse - True Friend",001,12,Amber,Uncommon,"€0.10","€0.55"
5,0,"Minnie Mouse - Beloved Princess",001,13,Amber,Common,"€0.08","€0.25"
0,1,"Moana - Of Motunui",001,14,Amber,Rare,"€0.32","€0.32"
1,0,"Mr. Smee - Loyal First Mate",001,15,Amber,Common,"€0.10","€0.18"
1,1,"Prince Phillip - Dragonslayer",001,16,Amber,Uncommon,"€0.12","€0.35"
2,2,"Pumbaa - Friendly Warthog",001,17,Amber,Common,"€0.10","€0.23"
0,0,"Rapunzel - Gifted with Healing",001,18,Amber,Legendary,"€46.45","€77.12"
2,0,"Sebastian - Court Composer",001,19,Amber,Common,"€0.07","€0.21"
1,0,"Simba - Protective Cub",001,20,Amber,Common,"€0.24","€1.51"
0,0,"Stitch - Carefree Surfer",001,21,Amber,Legendary,"€7.01","€74.48"
4,0,"Stitch - New Dog",001,22,Amber,Common,"€0.08","€0.28"
1,0,"Stitch - Rock Star",001,23,Amber,Super Rare,"€1.27","€5.39"
1,0,"Timon - Grub Rustler",001,24,Amber,Common,"€0.10","€0.18"
3,0,"Be Our Guest",001,25,Amber,Uncommon,"€0.20","€0.55"
4,0,"Control Your Temper!",001,26,Amber,Common,"€0.11","€0.21"
3,0,"Hakuna Matata",001,27,Amber,Common,"€0.10","€0.21"
3,0,"Healing Glow",001,28,Amber,Common,"€0.12","€0.14"
1,0,"Just in Time",001,29,Amber,Rare,"€0.49","€2.34"
1,0,"Part of Your World",001,30,Amber,Rare,"€0.20","€1.68"
1,0,"You Have Forgotten Me",001,31,Amber,Uncommon,"€0.08","€1.08"
5,0,"Dinglehopper",001,32,Amber,Common,"€0.08","€0.21"
0,0,"Lantern",001,33,Amber,Rare,"€0.62","€2.60"
0,0,"Ursula's Shell Necklace",001,34,Amber,Rare,"€0.17","€0.95"
2,0,"Anna - Heir to Arendelle",001,35,Amethyst,Uncommon,"€0.14","€0.61"
2,1,"Archimedes - Highly Educated Owl",001,36,Amethyst,Common,"€0.13","€0.27"
1,0,"Dr. Facilier - Agent Provocateur",001,37,Amethyst,Rare,"€0.20","€1.17"
3,0,"Dr. Facilier - Charlatan",001,38,Amethyst,Common,"€0.08","€0.21"
0,0,"Dr. Facilier - Remarkable Gentleman",001,39,Amethyst,Rare,"€0.29","€1.13"
4,0,"Elsa - Queen Regent",001,40,Amethyst,Common,"€0.10","€0.22"
1,0,"Elsa - Snow Queen",001,41,Amethyst,Uncommon,"€0.20","€1.03"
0,0,"Elsa - Spirit of Winter",001,42,Amethyst,Legendary,"€21.33","€55.52"
1,0,"Flotsam - Ursula's Spy",001,43,Amethyst,Rare,"€0.18","€0.89"
1,0,"Jafar - Keeper of Secrets",001,44,Amethyst,Rare,"€0.35","€1.42"
4,0,"Jafar - Wicked Sorcerer",001,45,Amethyst,Common,"€0.11","€0.18"
3,0,"Jetsam - Ursula's Spy",001,46,Amethyst,Common,"€0.12","€0.21"
4,0,"Magic Broom - Bucket Brigade",001,47,Amethyst,Common,"€0.07","€0.35"
0,0,"Maleficent - Biding Her Time",001,48,Amethyst,Rare,"€4.60","€9.65"
4,1,"Maleficent - Sorceress",001,49,Amethyst,Common,"€0.13","€1.02"
1,0,"Marshmallow - Persistent Guardian",001,50,Amethyst,Super Rare,"€0.35","€1.15"
0,1,"Mickey Mouse - Wayward Sorcerer",001,51,Amethyst,Super Rare,"€0.59","€0.76"
4,0,"Olaf - Friendly Snowman",001,52,Amethyst,Uncommon,"€0.19","€0.88"
3,0,"Pascal - Rapunzel's Companion",001,53,Amethyst,Uncommon,"€0.17","€1.01"
3,0,"Rafiki - Mysterious Sage",001,54,Amethyst,Uncommon,"€0.12","€0.31"
2,0,"Sven - Official Ice Deliverer",001,55,Amethyst,Uncommon,"€0.09","€0.36"
0,0,"The Queen - Wicked and Vain",001,56,Amethyst,Super Rare,"€0.32","€0.92"
4,0,"The Wardrobe - Belle's Confidant",001,57,Amethyst,Common,"€0.10","€0.18"
0,0,"Tinker Bell - Peter Pan's Ally",001,58,Amethyst,Common,"€0.11","€0.25"
1,0,"Ursula - Power Hungry",001,59,Amethyst,Legendary,"€1.68","€12.88"
4,0,"Yzma - Alchemist",001,60,Amethyst,Common,"€0.11","€0.21"
1,0,"Zeus - God of Lightning",001,61,Amethyst,Rare,"€0.25","€1.15"
0,0,"Befuddle",001,62,Amethyst,Uncommon,"€0.89","€1.90"
5,0,"Freeze",001,63,Amethyst,Common,"€0.08","€0.21"
5,0,"Friends on the Other Side",001,64,Amethyst,Common,"€0.28","€5.39"
0,0,"Reflection",001,65,Amethyst,Uncommon,"€0.13","€0.37"
1,0,"Magic Mirror",001,66,Amethyst,Rare,"€0.17","€1.10"
2,0,"Ursula's Cauldron",001,67,Amethyst,Uncommon,"€0.14","€0.65"
0,1,"White Rabbit's Pocket Watch",001,68,Amethyst,Rare,"€0.20","€1.14"
3,0,"Aladdin - Prince Ali",001,69,Emerald,Common,"€0.09","€0.18"
0,0,"Beast - Wolfsbane",001,70,Emerald,Legendary,"€2.47","€13.94"
2,0,"Cheshire Cat - Not All There",001,71,Emerald,Uncommon,"€0.23","€0.81"
0,1,"Cruella De Vil - Miserable as Usual",001,72,Emerald,Rare,"€0.15","€0.15"
4,0,"Duke of Weselton - Opportunistic Official",001,73,Emerald,Common,"€0.09","€0.18"
0,0,"Flynn Rider - Charming Rogue",001,74,Emerald,Uncommon,"€0.37","€1.52"
0,0,"Genie - On the Job",001,75,Emerald,Super Rare,"€0.48","€1.80"
1,0,"Genie - Powers Unleashed",001,76,Emerald,Rare,"€0.35","€1.07"
1,0,"Genie - The Ever Impressive",001,77,Emerald,Common,"€0.09","€0.21"
0,0,"Hans - Scheming Prince",001,78,Emerald,Rare,"€0.29","€1.09"
5,0,"Horace - No-Good Scoundrel",001,79,Emerald,Common,"€0.08","€0.18"
1,0,"Iago - Loud-Mouthed Parrot",001,80,Emerald,Rare,"€0.17","€0.55"
3,0,"Jasper - Common Crook",001,81,Emerald,Uncommon,"€0.08","€0.32"
1,0,"John Silver - Alien Pirate",001,82,Emerald,Legendary,"€1.95","€14.99"
1,0,"Jumba Jookiba - Renegade Scientist",001,83,Emerald,Uncommon,"€0.11","€0.39"
1,0,"Kuzco - Temperamental Emperor",001,84,Emerald,Rare,"€0.49","€1.00"
1,0,"Lady Tremaine - Wicked Stepmother",001,85,Emerald,Rare,"€0.34","€0.60"
5,0,"Mad Hatter - Gracious Host",001,86,Emerald,Uncommon,"€0.09","€0.21"
5,0,"Megara - Pulling the Strings",001,87,Emerald,Common,"€0.07","€0.21"
1,0,"Mickey Mouse - Artful Rogue",001,88,Emerald,Super Rare,"€0.26","€1.60"
4,0,"Mickey Mouse - Steamboat Pilot",001,89,Emerald,Common,"€0.11","€0.21"
0,0,"Mother Gothel - Selfish Manipulator",001,90,Emerald,Super Rare,"€0.33","€1.68"
4,0,"Peter Pan - Never Landing",001,91,Emerald,Common,"€0.09","€0.20"
1,0,"Tamatoa - Drab Little Crab",001,92,Emerald,Uncommon,"€0.08","€0.49"
2,1,"Tinker Bell - Most Helpful",001,93,Emerald,Common,"€0.11","€0.35"
0,0,"Do It Again!",001,94,Emerald,Rare,"€0.21","€1.41"
4,0,"Mother Knows Best",001,95,Emerald,Uncommon,"€0.09","€0.74"
3,0,"Stampede",001,96,Emerald,Common,"€0.07","€0.14"
1,0,"Steal from the Rich",001,97,Emerald,Rare,"€0.11","€0.18"
1,0,"Sudden Chill",001,98,Emerald,Common,"€0.05","€0.95"
2,0,"The Beast is Mine!",001,99,Emerald,Uncommon,"€0.12","€0.29"
4,0,"Vicious Betrayal",001,100,Emerald,Common,"€0.09","€0.18"
0,0,"Dr. Facilier's Cards",001,101,Emerald,Uncommon,"€0.08","€0.38"
4,0,"Stolen Scimitar",001,102,Emerald,Common,"€0.09","€0.20"
1,1,"Abu - Mischievous Monkey",001,103,Ruby,Common,"€0.07","€0.26"
1,1,"Aladdin - Heroic Outlaw",001,104,Ruby,Super Rare,"€0.44","€0.53"
5,0,"Aladdin - Street Rat",001,105,Ruby,Common,"€0.09","€0.18"
2,0,"Captain - Colonel's Lieutenant",001,106,Ruby,Uncommon,"€0.09","€0.24"
1,0,"Captain Hook - Ruthless Pirate",001,107,Ruby,Rare,"€0.35","€1.14"
2,0,"Donald Duck - Boisterous Fowl",001,108,Ruby,Uncommon,"€0.09","€0.40"
2,0,"Elsa - Ice Surfer",001,109,Ruby,Common,"€0.11","€0.25"
2,0,"Gaston - Arrogant Hunter",001,110,Ruby,Common,"€0.13","€0.59"
1,0,"Goofy - Daredevil",001,111,Ruby,Common,"€0.07","€0.21"
2,0,"LeFou - Instigator",001,112,Ruby,Rare,"€0.21","€1.00"
0,0,"Maleficent - Monstrous Dragon",001,113,Ruby,Legendary,"€30.59","€127.19"
0,0,"Maui - Hero to All",001,114,Ruby,Rare,"€9.66","€25.84"
2,0,"Mickey Mouse - Brave Little Tailor",001,115,Ruby,Legendary,"€3.27","€48.40"
3,0,"Minnie Mouse - Always Classy",001,116,Ruby,Common,"€0.11","€0.47"
1,0,"Moana - Chosen by the Ocean",001,117,Ruby,Uncommon,"€0.14","€0.35"
1,1,"Mulan - Imperial Soldier",001,118,Ruby,Super Rare,"€0.36","€0.55"
2,0,"Peter Pan - Fearless Fighter",001,119,Ruby,Common,"€0.11","€0.15"
4,0,"Pongo - Ol' Rascal",001,120,Ruby,Common,"€0.09","€0.18"
4,0,"Rapunzel - Letting Down Her Hair",001,121,Ruby,Uncommon,"€0.09","€0.29"
3,0,"Scar - Fiery Usurper",001,122,Ruby,Common,"€0.09","€0.21"
0,0,"Scar - Shameless Firebrand",001,123,Ruby,Rare,"€0.15","€0.60"
4,0,"Sergeant Tibbs - Courageous Cat",001,124,Ruby,Common,"€0.09","€0.20"
1,0,"Stitch - Abomination",001,125,Ruby,Rare,"€0.15","€1.68"
0,0,"Te Kā - The Burning One",001,126,Ruby,Super Rare,"€0.20","€1.15"
2,0,"Tigger - Wonderful Thing",001,127,Ruby,Uncommon,"€0.11","€0.58"
1,0,"Be Prepared",001,128,Ruby,Rare,"€9.13","€26.20"
1,0,"Cut to the Chase",001,129,Ruby,Uncommon,"€0.13","€0.26"
6,0,"Dragon Fire",001,130,Ruby,Uncommon,"€0.09","€1.14"
3,0,"Fan the Flames",001,131,Ruby,Uncommon,"€0.14","€0.48"
5,0,"He's Got a Sword!",001,132,Ruby,Common,"€0.09","€0.21"
1,0,"Tangle",001,133,Ruby,Common,"€0.12","€0.21"
1,0,"Poisoned Apple",001,134,Ruby,Rare,"€0.18","€1.42"
3,0,"Shield of Virtue",001,135,Ruby,Uncommon,"€0.09","€0.84"
1,0,"Sword of Truth",001,136,Ruby,Rare,"€0.16","€0.93"
1,0,"Ariel - Whoseit Collector",001,137,Sapphire,Rare,"€0.26","€3.27"
2,0,"Aurora - Briar Rose",001,138,Sapphire,Common,"€0.08","€0.26"
1,0,"Aurora - Dreaming Guardian",001,139,Sapphire,Super Rare,"€0.35","€0.47"
0,0,"Aurora - Regal Princess",001,140,Sapphire,Uncommon,"€0.11","€0.41"
1,0,"Belle - Inventive Engineer",001,141,Sapphire,Uncommon,"€0.13","€0.28"
1,0,"Belle - Strange but Special",001,142,Sapphire,Legendary,"€12.88","€40.62"
2,1,"Chief Tui - Respected Leader",001,143,Sapphire,Uncommon,"€0.14","€0.26"
1,0,"Donald Duck - Strutting His Stuff",001,144,Sapphire,Common,"€0.09","€0.23"
4,0,"Flounder - Voice of Reason",001,145,Sapphire,Common,"€0.08","€0.21"
0,0,"Gramma Tala - Storyteller",001,146,Sapphire,Uncommon,"€0.11","€1.19"
0,0,"Hades - Infernal Schemer",001,147,Sapphire,Legendary,"€14.41","€33.35"
2,0,"Jasmine - Disguised",001,148,Sapphire,Common,"€0.12","€0.21"
0,0,"Jasmine - Queen of Agrabah",001,149,Sapphire,Rare,"€0.14","€2.34"
2,0,"Maleficent - Sinister Visitor",001,150,Sapphire,Common,"€0.08","€0.12"
1,0,"Maleficent - Uninvited",001,151,Sapphire,Rare,"€0.20","€1.05"
0,0,"Maurice - World-Famous Inventor",001,152,Sapphire,Rare,"€0.36","€1.45"
1,1,"Merlin - Self-Appointed Mentor",001,153,Sapphire,Common,"€0.11","€0.17"
1,0,"Mickey Mouse - Detective",001,154,Sapphire,Common,"€0.11","€0.60"
0,0,"Mufasa - King of the Pride Lands",001,155,Sapphire,Common,"€0.11","€0.19"
2,1,"Philoctetes - Trainer of Heroes",001,156,Sapphire,Common,"€0.11","€0.21"
0,0,"Robin Hood - Unrivaled Archer",001,157,Sapphire,Super Rare,"€0.34","€2.35"
0,0,"Scar - Mastermind",001,158,Sapphire,Rare,"€0.14","€1.15"
0,0,"Tamatoa - So Shiny!",001,159,Sapphire,Super Rare,"€5.13","€20.05"
0,0,"Triton - The Sea King",001,160,Sapphire,Uncommon,"€0.13","€0.18"
2,0,"Develop Your Brain",001,161,Sapphire,Common,"€0.14","€1.06"
0,1,"If it's Not Baroque",001,162,Sapphire,Rare,"€0.27","€0.80"
1,0,"Let it Go",001,163,Sapphire,Rare,"€1.50","€6.48"
2,0,"One Jump Ahead",001,164,Sapphire,Uncommon,"€0.19","€1.68"
2,0,"Work Together",001,165,Sapphire,Common,"€0.11","€0.18"
0,0,"Coconut Basket",001,166,Sapphire,Uncommon,"€0.11","€0.35"
2,0,"Eye of the Fates",001,167,Sapphire,Uncommon,"€0.20","€0.52"
0,0,"Fishbone Quill",001,168,Sapphire,Rare,"€4.60","€17.27"
2,0,"Magic Golden Flower",001,169,Sapphire,Common,"€0.07","€0.21"
2,0,"Scepter of Arendelle",001,170,Sapphire,Uncommon,"€0.14","€0.43"
1,0,"Aladdin - Cornered Swordsman",001,171,Steel,Common,"€0.07","€0.20"
1,0,"Beast - Hardheaded",001,172,Steel,Uncommon,"€0.11","€0.47"
1,0,"Captain Hook - Captain of the Jolly Roger",001,173,Steel,Rare,"€0.15","€1.21"
0,0,"Captain Hook - Forceful Duelist",001,174,Steel,Common,"€0.14","€1.40"
0,0,"Captain Hook - Thinking a Happy Thought",001,175,Steel,Rare,"€0.31","€2.12"
2,0,"Cerberus - Three-Headed Dog",001,176,Steel,Common,"€0.10","€0.21"
0,0,"Donald Duck - Musketeer",001,177,Steel,Uncommon,"€0.14","€0.55"
0,0,"Gantu - Galactic Federation Captain",001,178,Steel,Legendary,"€1.68","€11.83"
2,0,"Goons - Maleficent's Underlings",001,179,Steel,Common,"€0.08","€0.21"
0,0,"Hans - Thirteenth in Line",001,180,Steel,Super Rare,"€0.14","€1.63"
2,0,"Hercules - True Hero",001,181,Steel,Common,"€0.11","€0.35"
2,0,"Kristoff - Official Ice Master",001,182,Steel,Common,"€0.08","€0.13"
0,0,"Kronk - Right-Hand Man",001,183,Steel,Uncommon,"€0.11","€0.35"
3,0,"Lilo - Galactic Hero",001,184,Steel,Uncommon,"€0.08","€0.37"
1,1,"Maui - Demigod",001,185,Steel,Rare,"€0.20","€1.13"
0,0,"Mickey Mouse - Musketeer",001,186,Steel,Rare,"€0.26","€1.52"
4,0,"Prince Eric - Dashing and Brave",001,187,Steel,Common,"€0.08","€0.21"
3,0,"Simba - Future King",001,188,Steel,Common,"€0.20","€0.74"
1,0,"Simba - Returned King",001,189,Steel,Rare,"€0.19","€0.22"
3,0,"Simba - Rightful Heir",001,190,Steel,Uncommon,"€0.08","€0.53"
1,1,"Starkey - Hook's Henchman",001,191,Steel,Uncommon,"€0.12","€0.47"
0,0,"Te Kā - Heartless",001,192,Steel,Legendary,"€1.95","€11.83"
1,0,"Tinker Bell - Giant Fairy",001,193,Steel,Super Rare,"€7.27","€17.69"
1,0,"Tinker Bell - Tiny Tactician",001,194,Steel,Common,"€0.11","€0.27"
1,1,"A Whole New World",001,195,Steel,Super Rare,"€10.66","€20.00"
2,0,"Break",001,196,Steel,Common,"€0.11","€0.16"
1,0,"Fire the Cannons!",001,197,Steel,Common,"€0.14","€0.57"
1,0,"Grab Your Sword",001,198,Steel,Rare,"€1.42","€7.15"
1,0,"Ransack",001,199,Steel,Uncommon,"€0.08","€0.35"
2,0,"Smash",001,200,Steel,Uncommon,"€0.18","€0.97"
0,0,"Beast's Mirror",001,201,Steel,Common,"€0.13","€0.15"
2,0,"Frying Pan",001,202,Steel,Uncommon,"€0.08","€0.22"
1,0,"Musketeer Tabard",001,203,Steel,Rare,"€0.21","€1.13"
0,0,"Plasma Blaster",001,204,Steel,Rare,"€0.30","€1.15"
0,0,"Hades - King of Olympus",001,205,Amber,Enchanted,"€97.69","€97.69"
0,0,"Stitch - Carefree Surfer",001,206,Amber,Enchanted,"€300.64","€300.64"
0,0,"Elsa - Spirit of Winter",001,207,Amethyst,Enchanted,"€896.73","€896.73"
0,0,"Mickey Mouse - Wayward Sorcerer",001,208,Amethyst,Enchanted,"€150.62","€150.62"
0,0,"Genie - On the Job",001,209,Emerald,Enchanted,"€131.97","€131.97"
0,0,"Mickey Mouse - Artful Rogue",001,210,Emerald,Enchanted,"€100.85","€100.85"
0,0,"Aladdin - Heroic Outlaw",001,211,Ruby,Enchanted,"€97.69","€97.69"
0,0,"Maui - Hero to All",001,212,Ruby,Enchanted,"€210.59","€210.59"
0,0,"Aurora - Dreaming Guardian",001,213,Sapphire,Enchanted,"€174.64","€174.64"
0,0,"Belle - Strange but Special",001,214,Sapphire,Enchanted,"€243.15","€243.15"
0,0,"Simba - Returned King",001,215,Steel,Enchanted,"€163.03","€163.03"
0,0,"Tinker Bell - Giant Fairy",001,216,Steel,Enchanted,"€245.63","€245.63"
0,0,"Mickey Mouse - Brave Little Tailor",P1,P1,Ruby,Promo,"€1,265.69",
0,0,"Stitch - Rock Star",P1,P2,Amber,Promo,,
0,0,"Elsa - Snow Queen",P1,P3,Amethyst,Promo,,
0,0,"Cruella de Vil - Miserable As Usual",P1,P4,Emerald,Promo,,
0,0,"Maleficent - Monstrous Dragon",P1,P5,Ruby,Promo,,
0,0,"Robin Hood - Unrivaled Archer",P1,P6,Sapphire,Promo,,
0,0,"Captain Hook - Forceful Duelist",P1,P7,Steel,Promo,,
0,0,"Mickey Mouse - Detective",P1,P8,Sapphire,Promo,"€3.79","€3.79"
0,0,"Heihei - Boat Snack",P1,P9,Amber,Promo,"€2.20","€2.20"
0,0,"Yzma - Alchemist",P1,P10,Amethyst,Promo,"€1.67","€1.67"
0,0,"Mickey Mouse - Musketeer",P1,P11,Steel,Promo,"€190.59",
0,0,"Goofy - Musketeer",P1,P12,Amber,Promo,"€60.58",
0,0,"Donald Duck - Musketeer",P1,P13,Steel,Promo,"€60.06",
2,0,"Bashful - Hopeless Romantic",002,1,Amber,Uncommon,"€0.06","€0.45"
1,0,"Christopher Robin - Adventurer",002,2,Amber,Rare,"€0.14","€0.59"
2,0,"Cinderella - Ballroom Sensation",002,3,Amber,Rare,"€3.54","€8.15"
1,0,"Cobra Bubbles - Just a Social Worker",002,4,Amber,Rare,"€0.14","€0.62"
3,0,"Doc - Leader of the Seven Dwarfs",002,5,Amber,Uncommon,"€0.13","€0.94"
1,1,"Dopey - Always Playful",002,6,Amber,Uncommon,"€0.06","€0.45"
3,0,"Eudora - Accomplished Seamstress",002,7,Amber,Common,"€0.08","€0.18"
0,0,"Gaston - Baritone Bully",002,8,Amber,Uncommon,"€0.06","€0.50"
1,0,"Grand Duke - Advisor to the King",002,9,Amber,Rare,"€0.18","€0.70"
2,1,"Grumpy - Bad-Tempered",002,10,Amber,Common,"€0.05","€0.21"
2,0,"Happy - Good-Natured",002,11,Amber,Common,"€0.05","€0.19"
1,0,"King Louie - Jungle VIP",002,12,Amber,Super Rare,"€0.18","€0.54"
0,0,"Mickey Mouse - Friendly Face",002,13,Amber,Super Rare,"€0.19","€1.14"
0,0,"Mufasa - Betrayed Leader",002,14,Amber,Legendary,"€9.68","€27.39"
3,0,"Mulan - Free Spirit",002,15,Amber,Common,"€0.08","€0.18"
1,0,"Mulan - Reflecting",002,16,Amber,Rare,"€0.14","€0.89"
3,0,"Nana - Darling Family Pet",002,17,Amber,Uncommon,"€0.11","€0.20"
2,0,"Piglet - Very Small Animal",002,18,Amber,Common,"€0.07","€0.11"
1,0,"Rapunzel - Gifted Artist",002,19,Amber,Uncommon,"€0.18","€0.69"
2,0,"Rapunzel - Sunshine",002,20,Amber,Common,"€0.11","€0.19"
4,0,"Sleepy - Nodding Off",002,21,Amber,Common,"€0.05","€0.23"
3,0,"Sneezy - Very Allergic",002,22,Amber,Common,"€0.05","€0.24"
5,0,"Snow White - Lost in the Forest",002,23,Amber,Common,"€0.08","€0.17"
2,0,"Snow White - Unexpected Houseguest",002,24,Amber,Uncommon,"€0.13","€0.48"
1,0,"Snow White - Well Wisher",002,25,Amber,Legendary,"€3.27","€9.13"
1,1,"The Queen - Commanding Presence",002,26,Amber,Super Rare,"€0.78","€1.42"
2,0,"The Queen - Regal Monarch",002,27,Amber,Common,"€0.11","€0.99"
2,0,"Hold Still",002,28,Amber,Common,"€0.08","€0.11"
3,0,"Last Stand",002,29,Amber,Uncommon,"€0.12","€0.19"
2,0,"Painting the Roses Red",002,30,Amber,Common,"€0.11","€0.14"
1,0,"World's Greatest Criminal Mind",002,31,Amber,Rare,"€0.41","€2.03"
1,0,"Zero to Hero",002,32,Amber,Uncommon,"€0.09","€0.48"
0,0,"Dragon Gem",002,33,Amber,Rare,"€0.14","€0.54"
0,0,"Sleepy's Flute",002,34,Amber,Rare,"€0.53","€1.66"
1,0,"Arthur - Wizard's Apprentice",002,35,Amethyst,Super Rare,"€0.77","€1.68"
2,0,"Blue Fairy - Rewarding Good Deeds",002,36,Amethyst,Uncommon,"€0.13","€0.65"
6,0,"Chip the Teacup - Gentle Soul",002,37,Amethyst,Common,"€0.08","€0.18"
4,0,"Dr. Facilier - Savvy Opportunist",002,38,Amethyst,Common,"€0.08","€0.18"
3,0,"Elsa - Gloves Off",002,39,Amethyst,Common,"€0.11","€0.17"
0,0,"Fairy Godmother - Here to Help",002,40,Amethyst,Uncommon,"€0.08","€0.19"
1,0,"Fairy Godmother - Mystic Armorer",002,41,Amethyst,Legendary,"€3.27","€11.20"
2,0,"Fairy Godmother - Pure Heart",002,42,Amethyst,Common,"€0.08","€0.18"
6,0,"HeiHei - Persistent Presence",002,43,Amethyst,Uncommon,"€0.08","€0.27"
3,0,"Jiminy Cricket - Pinocchio's Conscience",002,44,Amethyst,Common,"€0.11","€0.17"
5,0,"Kuzco - Wanted Llama",002,45,Amethyst,Common,"€0.09","€0.32"
2,0,"Madam Mim - Fox",002,46,Amethyst,Rare,"€3.99","€22.24"
0,0,"Madam Mim - Purple Dragon",002,47,Amethyst,Legendary,"€2.47","€9.39"
0,0,"Madam Mim - Rival of Merlin",002,48,Amethyst,Rare,"€0.19","€0.77"
4,0,"Madam Mim - Snake",002,49,Amethyst,Uncommon,"€0.21","€5.68"
5,0,"Merlin - Crab",002,50,Amethyst,Common,"€0.17","€1.17"
5,0,"Merlin - Goat",002,51,Amethyst,Uncommon,"€0.21","€10.05"
2,0,"Merlin - Rabbit",002,52,Amethyst,Rare,"€1.42","€21.07"
1,1,"Merlin - Shapeshifter",002,53,Amethyst,Rare,"€0.19","€0.19"
4,0,"Merlin - Squirrel",002,54,Amethyst,Common,"€0.08","€0.18"
0,0,"Peter Pan's Shadow - Not Sewn On",002,55,Amethyst,Super Rare,"€0.53","€0.74"
1,0,"Pinocchio - Star Attraction",002,56,Amethyst,Rare,"€1.15","€3.00"
1,1,"Pinocchio - On the Run",002,57,Amethyst,Uncommon,"€0.15","€0.24"
4,0,"Pinocchio - Talkative Puppet",002,58,Amethyst,Uncommon,"€0.16","€0.71"
3,1,"Winnie the Pooh - Hunny Wizard",002,59,Amethyst,Common,"€0.12","€0.59"
1,0,"Yzma - Scary Beyond All Reason",002,60,Amethyst,Super Rare,"€0.55","€2.21"
3,0,"Yzma - Without Beauty Sleep",002,61,Amethyst,Uncommon,"€0.11","€0.22"
1,0,"Gruesome and Grim",002,62,Amethyst,Rare,"€0.14","€0.47"
5,0,"I'm Stuck!",002,63,Amethyst,Common,"€0.08","€0.19"
3,0,"Legend of the Sword in the Stone",002,64,Amethyst,Common,"€0.08","€0.14"
3,0,"Binding Contract",002,65,Amethyst,Uncommon,"€0.11","€0.17"
3,0,"Croquet Mallet",002,66,Amethyst,Common,"€0.08","€0.14"
1,0,"Perplexing Signposts",002,67,Amethyst,Rare,"€0.18","€0.63"
1,0,"The Sorcerer's Spellbook",002,68,Amethyst,Rare,"€0.43","€1.94"
2,0,"Arthur - Trained Swordsman",002,69,Emerald,Common,"€0.08","€0.18"
0,0,"Beast - Relentless",002,70,Emerald,Legendary,"€3.99","€12.05"
1,0,"Belle - Bookworm",002,71,Emerald,Uncommon,"€0.14","€0.41"
1,0,"Belle - Hidden Archer",002,72,Emerald,Legendary,"€4.33","€11.16"
2,0,"Bucky - Squirrel Squeak Tutor",002,73,Emerald,Uncommon,"€0.19","€0.64"
2,0,"Cheshire Cat - Always Grinning",002,74,Emerald,Uncommon,"€0.11","€0.25"
1,1,"Cheshire Cat - From the Shadows",002,75,Emerald,Super Rare,"€0.29","€1.27"
0,0,"Daisy Duck - Secret Agent",002,76,Emerald,Uncommon,"€0.11","€0.26"
1,0,"Donald Duck - Perfect Gentleman",002,77,Emerald,Uncommon,"€0.18","€0.40"
2,0,"Donald Duck - Sleepwalker",002,78,Emerald,Common,"€0.08","€0.13"
0,0,"Dr. Facilier - Fortune Teller",002,79,Emerald,Super Rare,"€0.18","€0.77"
3,0,"Enchantress - Unexpected Judge",002,80,Emerald,Common,"€0.11","€0.20"
2,0,"Flynn Rider - Confident Vagabond",002,81,Emerald,Common,"€0.14","€0.20"
1,1,"Flynn Rider - His Own Biggest Fan",002,82,Emerald,Rare,"€0.53","€1.68"
3,1,"Gaston - Scheming Suitor",002,83,Emerald,Common,"€0.08","€0.18"
1,0,"Little John - Loyal Friend",002,84,Emerald,Rare,"€0.18","€0.34"
0,1,"Lucifer - Cunning Cat",002,85,Emerald,Rare,"€0.20","€1.31"
3,0,"Pain - Underworld Imp",002,86,Emerald,Uncommon,"€0.13","€0.20"
2,1,"Panic - Underworld Imp",002,87,Emerald,Common,"€0.08","€0.17"
2,0,"Pete - Bad Guy",002,88,Emerald,Rare,"€0.17","€1.08"
0,0,"Prince John - Greediest of All",002,89,Emerald,Rare,"€2.74","€10.49"
4,0,"Queen of Hearts - Quick-Tempered",002,90,Emerald,Common,"€0.08","€0.14"
3,1,"Ratigan - Criminal Mastermind",002,91,Emerald,Common,"€0.08","€0.11"
2,0,"Ray - Easygoing Firefly",002,92,Emerald,Common,"€0.11","€0.19"
2,0,"The Queen - Disguised Peddler",002,93,Emerald,Super Rare,"€0.32","€0.78"
2,0,"Tiana - True Princess",002,94,Emerald,Uncommon,"€0.12","€0.23"
4,0,"Virana - Fang Chief",002,95,Emerald,Common,"€0.08","€0.17"
2,0,"Bibbidi Bobbidi Boo",002,96,Emerald,Rare,"€0.36","€1.63"
2,1,"Bounce",002,97,Emerald,Uncommon,"€0.11","€0.25"
3,0,"Hypnotize",002,98,Emerald,Common,"€0.14","€0.26"
2,0,"Improvise",002,99,Emerald,Common,"€0.08","€0.18"
1,0,"Pack Tactics",002,100,Emerald,Rare,"€0.24","€0.63"
1,0,"Ring the Bell",002,101,Emerald,Uncommon,"€0.12","€0.21"
1,0,"Ratigan's Marvelous Trap",002,102,Emerald,Rare,"€0.15","€0.56"
2,0,"Baloo - Fun-Loving Bear",002,103,Ruby,Common,"€0.08","€0.11"
3,0,"Boun - Precocious Entrepreneur",002,104,Ruby,Common,"€0.08","€0.18"
3,0,"Card Soldiers - Full Deck",002,105,Ruby,Uncommon,"€0.08","€0.19"
0,0,"Donald Duck - Not Again!",002,106,Ruby,Legendary,"€1.57","€5.39"
3,1,"Felicia - Always Hungry",002,107,Ruby,Common,"€0.08","€0.14"
2,0,"Fidget - Ratigan's Henchman",002,108,Ruby,Common,"€0.08","€0.11"
2,0,"Honest John - Not That Honest",002,109,Ruby,Rare,"€0.18","€0.61"
1,0,"Lady Tremaine - Imperious Queen",002,110,Ruby,Super Rare,"€1.15","€4.57"
3,0,"Lady Tremaine - Overbearing Matriarch",002,111,Ruby,Common,"€0.11","€0.18"
1,0,"Lumiere - Hotheaded Candelabra",002,112,Ruby,Rare,"€0.18","€0.36"
2,0,"Minnie Mouse - Stylish Surfer",002,113,Ruby,Uncommon,"€0.16","€0.84"
1,0,"Minnie Mouse - Wide-Eyed Diver",002,114,Ruby,Rare,"€0.27","€0.62"
3,0,"Minnie Mouse - Zipping Around",002,115,Ruby,Common,"€0.08","€0.15"
2,0,"Mother Gothel - Withered and Wicked",002,116,Ruby,Uncommon,"€0.21","€0.55"
2,0,"Mulan - Soldier in Training",002,117,Ruby,Common,"€0.08","€0.24"
1,0,"Namaari - Nemesis",002,118,Ruby,Super Rare,"€0.17","€0.52"
2,0,"Queen of Hearts - Impulsive Ruler",002,119,Ruby,Uncommon,"€0.24","€0.69"
2,1,"Queen of Hearts - Sensing Weakness",002,120,Ruby,Uncommon,"€0.30","€0.36"
0,0,"Ratigan - Very Large Mouse",002,121,Ruby,Rare,"€0.18","€0.40"
3,0,"Raya - Headstrong",002,122,Ruby,Common,"€0.11","€0.14"
0,0,"Raya - Leader of Heart",002,123,Ruby,Super Rare,"€0.20","€0.49"
1,1,"Raya - Warrior of Kumandra",002,124,Ruby,Uncommon,"€0.11","€0.23"
1,0,"Scar - Vicious Cheater",002,125,Ruby,Legendary,"€4.07","€18.24"
1,0,"Shere Khan - Menacing Predator",002,126,Ruby,Rare,"€0.52","€1.96"
2,0,"Tigger - One of a Kind",002,127,Ruby,Common,"€0.08","€0.20"
0,0,"Tuk Tuk - Wrecking Ball",002,128,Ruby,Rare,"€0.14","€0.39"
3,1,"Go the Distance",002,129,Ruby,Common,"€0.11","€0.14"
2,0,"Teeth and Ambitions",002,130,Ruby,Rare,"€0.57","€2.36"
1,0,"The Most Diabolical Scheme",002,131,Ruby,Uncommon,"€0.11","€0.19"
3,0,"What Did You Call Me?",002,132,Ruby,Common,"€0.08","€0.17"
1,0,"You Can Fly!",002,133,Ruby,Uncommon,"€0.11","€0.29"
1,0,"Dinner Bell",002,134,Ruby,Rare,"€0.16","€0.74"
2,0,"Peter Pan's Dagger",002,135,Ruby,Common,"€0.07","€0.19"
2,0,"Sword in the Stone",002,136,Ruby,Uncommon,"€0.11","€0.18"
0,0,"Alice - Growing Girl",002,137,Sapphire,Legendary,"€4.86","€12.30"
0,0,"Basil - Great Mouse Detective",002,138,Sapphire,Super Rare,"€0.20","€0.84"
3,1,"Basil - Of Baker Street",002,139,Sapphire,Common,"€0.08","€0.17"
2,0,"Basil - Perceptive Investigator",002,140,Sapphire,Common,"€0.08","€0.11"
3,0,"Caterpillar - Calm and Collected",002,141,Sapphire,Uncommon,"€0.11","€0.32"
1,0,"Cogsworth - Grandfather Clock",002,142,Sapphire,Super Rare,"€2.74","€6.43"
3,0,"Cogsworth - Talking Clock",002,143,Sapphire,Uncommon,"€0.13","€0.19"
3,0,"Cruella De Vil - Fashionable Cruiser",002,144,Sapphire,Common,"€0.06","€0.14"
2,0,"Cruella De Vil - Perfectly Wretched",002,145,Sapphire,Uncommon,"€0.08","€0.24"
4,0,"Duke Weaselton - Small-Time Crook",002,146,Sapphire,Common,"€0.08","€0.17"
2,0,"Gaston - Intellectual Powerhouse",002,147,Sapphire,Rare,"€0.21","€0.21"
0,1,"Grand Pabbie - Oldest and Wisest",002,148,Sapphire,Super Rare,"€0.14","€0.99"
1,0,"Hiram Flaversham - Toymaker",002,149,Sapphire,Rare,"€2.46","€18.58"
3,0,"James - Role Model",002,150,Sapphire,Common,"€0.08","€0.12"
3,0,"Jasmine - Heir of Agrabah",002,151,Sapphire,Common,"€0.11","€0.17"
3,1,"Judy Hopps - Optimistic Officer",002,152,Sapphire,Uncommon,"€0.10","€0.54"
1,0,"Mrs. Judson - Housekeeper",002,153,Sapphire,Rare,"€0.20","€0.54"
1,0,"Nick Wilde - Wily Fox",002,154,Sapphire,Uncommon,"€0.18","€0.56"
0,1,"Noi - Orphaned Thief",002,155,Sapphire,Rare,"€0.27","€0.79"
2,0,"Owl - Logical Lecturer",002,156,Sapphire,Common,"€0.05","€0.18"
1,0,"Prince Charming - Heir to the Throne",002,157,Sapphire,Rare,"€0.14","€0.65"
3,0,"Rabbit - Reluctant Host",002,158,Sapphire,Common,"€0.08","€0.14"
0,0,"Sisu - Divine Water Dragon",002,159,Sapphire,Legendary,"€1.42","€6.48"
3,0,"The Nokk - Water Spirit",002,160,Sapphire,Common,"€0.05","€0.17"
0,0,"Winnie the Pooh - Having a Think",002,161,Sapphire,Rare,"€0.13","€1.01"
1,0,"Falling Down the Rabbit Hole",002,162,Sapphire,Rare,"€0.18","€0.58"
2,0,"Four Dozen Eggs",002,163,Sapphire,Uncommon,"€0.06","€0.22"
0,0,"Launch",002,164,Sapphire,Uncommon,"€0.06","€0.21"
3,0,"Nothing to Hide",002,165,Sapphire,Common,"€0.08","€0.11"
3,0,"Fang Crossbow",002,166,Sapphire,Uncommon,"€0.08","€0.53"
2,0,"Gumbo Pot",002,167,Sapphire,Common,"€0.05","€0.18"
1,0,"Maurice's Workshop",002,168,Sapphire,Rare,"€0.35","€2.81"
3,0,"Pawpsicle",002,169,Sapphire,Common,"€0.14","€3.78"
0,0,"Sardine Can",002,170,Sapphire,Uncommon,"€0.08","€0.20"
5,1,"Beast - Forbidding Recluse",002,171,Steel,Common,"€0.08","€0.21"
1,0,"Beast - Selfless Protector",002,172,Steel,Super Rare,"€0.19","€1.14"
0,0,"Beast - Tragic Hero",002,173,Steel,Legendary,"€34.30","€67.78"
4,0,"Benja - Guardian of the Dragon Gem",002,174,Steel,Common,"€0.08","€0.18"
0,0,"Chief Bogo - Respected Officer",002,175,Steel,Rare,"€0.24","€1.18"
4,0,"Cinderella - Knight in Training",002,176,Steel,Common,"€0.08","€0.17"
2,0,"Cinderella - Stouthearted",002,177,Steel,Super Rare,"€1.95","€4.61"
3,1,"Donald Duck - Deep-Sea Diver",002,178,Steel,Common,"€0.08","€0.11"
3,1,"Eli La Bouff - Big Daddy",002,179,Steel,Uncommon,"€0.08","€0.19"
0,0,"Goofy - Knight for a Day",002,180,Steel,Rare,"€0.22","€0.59"
2,0,"Hercules - Divine Hero",002,181,Steel,Rare,"€0.32","€1.68"
6,0,"Hercules - Hero in Training",002,182,Steel,Common,"€0.08","€0.18"
1,0,"Jafar - Dreadnought",002,183,Steel,Uncommon,"€0.33","€1.05"
2,1,"Jafar - Royal Vizier",002,184,Steel,Common,"€0.13","€0.26"
1,0,"Kronk - Junior Chipmunk",002,185,Steel,Rare,"€0.12","€0.34"
4,0,"Lawrence - Jealous Manservant",002,186,Steel,Uncommon,"€0.09","€1.44"
3,0,"Li Shang - Archery Instructor",002,187,Steel,Uncommon,"€0.11","€0.21"
3,0,"Magic Broom - Industrial Model",002,188,Steel,Common,"€0.08","€0.25"
1,0,"Namaari - Morning Mist",002,189,Steel,Legendary,"€1.68","€7.53"
2,0,"Pacha - Village Leader",002,190,Steel,Uncommon,"€0.11","€0.18"
6,0,"Prince Naveen - Penniless Royal",002,191,Steel,Common,"€0.08","€0.12"
1,1,"Queen of Hearts - Capricious Monarch",002,192,Steel,Rare,"€0.17","€0.58"
2,0,"Robin Hood - Capable Fighter",002,193,Steel,Uncommon,"€0.24","€0.48"
3,0,"The Huntsman - Reluctant Enforcer",002,194,Steel,Rare,"€0.13","€0.42"
3,0,"The Prince - Never Gives Up",002,195,Steel,Uncommon,"€0.08","€0.36"
0,1,"Tiana - Celebrating Princess",002,196,Steel,Super Rare,"€0.23","€0.23"
5,0,"Tiana - Diligent Waitress",002,197,Steel,Common,"€0.08","€0.14"
2,0,"Charge!",002,198,Steel,Common,"€0.08","€0.17"
3,1,"Let the Storm Rage On",002,199,Steel,Common,"€0.29","€2.67"
1,0,"Pick a Fight",002,200,Steel,Uncommon,"€0.12","€0.20"
1,0,"Strength of a Raging Fire",002,201,Steel,Rare,"€5.25","€16.10"
4,0,"Last Cannon",002,202,Steel,Common,"€0.07","€0.21"
5,0,"Mouse Armor",002,203,Steel,Uncommon,"€0.08","€0.43"
2,0,"Weight Set",002,204,Steel,Rare,"€0.20","€0.74"
0,0,"Cinderella - Ballroom Sensation",002,205,Amber,Enchanted,"€190.59","€190.59"
0,0,"Snow White - Well Wisher",002,206,Amber,Enchanted,"€99.64","€99.64"
0,0,"Arthur - Wizard's Apprentice",002,207,Amethyst,Enchanted,"€50.59","€50.59"
0,0,"Madam Mim - Purple Dragon",002,208,Amethyst,Enchanted,"€57.21","€57.21"
0,0,"Pete - Bad Guy",002,209,Emerald,Enchanted,"€52.93","€52.93"
0,0,"Beast - Relentless",002,210,Emerald,Enchanted,"€65.23","€65.23"
0,0,"Lady Tremaine - Imperious Queen",002,211,Ruby,Enchanted,"€81.86","€81.86"
0,0,"Shere Khan - Menacing Predator",002,212,Ruby,Enchanted,"€55.52","€55.52"
0,0,"Alice - Growing Girl",002,213,Sapphire,Enchanted,"€132.47","€132.47"
0,0,"Sisu - Divine Water Dragon",002,214,Sapphire,Enchanted,"€56.57","€56.57"
0,0,"Hercules - Divine Hero",002,215,Steel,Enchanted,"€51.30","€51.30"
0,0,"Namaari - Morning Mist",002,216,Steel,Enchanted,"€37.48","€37.48"
0,0,"Baloo - von Bruinwald XIII",003,1,Amber,Rare,"€1.03","€3.56"
1,0,"Bernard - Brand-New Agent",003,002,Amber,Rare,"€0.13","€0.18"
0,0,"Chernabog - Evildoer",003,003,Amber,Super Rare,"€0.29","€1.91"
0,0,"Dalmatian Puppy - Tail Wagger",003,4a,Amber,Common,"€0.58","€0.81"
0,0,"Dalmatian Puppy - Tail Wagger",003,4b,Amber,Common,"€0.43","€0.66"
0,0,"Dalmatian Puppy - Tail Wagger",003,4c,Amber,Common,"€0.31","€0.60"
1,0,"Dalmatian Puppy - Tail Wagger",003,4d,Amber,Common,"€0.59","€0.60"
0,0,"Dalmatian Puppy - Tail Wagger",003,4e,Amber,Common,"€0.37","€0.37"
2,0,"Joshua Sweet - The Doctor",003,005,Amber,Common,"€0.07","€0.19"
2,0,"Kida - Atlantean",003,006,Amber,Common,"€0.11","€0.20"
0,0,"Kida - Protector of Atlantis",003,007,Amber,Legendary,"€11.70","€16.13"
0,0,"Lucky - The 15th Puppy",003,008,Amber,Rare,"€0.17","€0.56"
0,0,"Minnie Mouse - Musical Artist",003,009,Amber,Rare,"€0.14","€0.33"
4,0,"Miss Bianca - Rescue Aid Society Agent",003,010,Amber,Common,"€0.08","€0.16"
1,1,"Mr. Snoops - Inept Businessman",003,011,Amber,Common,"€0.08","€0.18"
0,0,"Nani - Protective Sister",003,012,Amber,Uncommon,"€0.08","€0.23"
3,0,"Orville - Ace Pilot",003,013,Amber,Common,"€0.08","€0.21"
0,0,"Patch - Intimidating Pup",003,014,Amber,Common,"€0.07","€0.21"
0,0,"Perdita - Devoted Mother",003,015,Amber,Legendary,"€2.74","€4.96"
0,0,"Piglet - Pooh Pirate Captain",003,016,Amber,Super Rare,"€3.54","€7.53"
2,0,"Pluto - Determined Defender",003,017,Amber,Rare,"€0.22","€0.66"
2,0,"Pluto - Friendly Pooch",003,018,Amber,Uncommon,"€0.12","€0.37"
0,0,"Pongo - Determined Father",003,19,Amber,Super Rare,"€0.13","€0.39"
2,1,"Queen of Hearts - Wonderland Empress",003,020,Amber,Uncommon,"€0.08","€0.20"
3,0,"Rolly - Hungry Pup",003,021,Amber,Uncommon,"€0.08","€0.20"
0,0,"Tinker Bell - Generous Fairy",003,022,Amber,Uncommon,"€0.08","€0.32"
1,0,"Wendy Darling - Talented Sailor",003,023,Amber,Uncommon,"€0.12","€0.29"
1,0,"99 Puppies",003,024,Amber,Uncommon,"€0.08","€0.27"
1,0,"Boss's Orders",003,025,Amber,Common,"€0.08","€0.20"
3,0,"Heal What Has Been Hurt",003,26,Amber,Common,"€0.08","€0.18"
1,1,"Quick Patch",003,027,Amber,Common,"€0.08","€0.14"
0,0,"The Bare Necessities",003,028,Amber,Rare,"€1.35","€3.92"
0,0,"Cleansing Rainwater",003,029,Amber,Common,"€0.07","€0.20"
0,0,"Heart of Atlantis",003,030,Amber,Rare,"€0.12","€0.41"
0,0,"Wildcat's Wrench",003,031,Amber,Uncommon,"€0.08","€0.18"
1,0,"Never Land - Mermaid Lagoon",003,032,Amber,Common,"€0.08","€0.27"
1,0,"Pride Lands - Pride Rock",003,033,Amber,Rare,"€0.41","€1.79"
0,0,"Tiana's Palace - Jazz Restaurant",003,034,Amber,Uncommon,"€0.08","€0.41"
0,0,"Alice - Tea Alchemist",003,035,Amethyst,Super Rare,"€0.14","€0.67"
1,0,"Chernabog's Followers - Creatures of Evil",003,036,Amethyst,Uncommon,"€1.68","€6.03"
1,1,"Diablo - Faithful Pet",003,037,Amethyst,Common,"€0.08","€0.14"
0,0,"Genie - Supportive Friend",003,038,Amethyst,Super Rare,"€0.18","€0.66"
3,0,"Hydros - Ice Titan",003,039,Amethyst,Uncommon,"€0.08","€0.34"
1,0,"Iago - Pretty Polly",003,040,Amethyst,Common,"€0.08","€0.20"
0,1,"Jafar - Lamp Thief",003,041,Amethyst,Uncommon,"€0.08","€0.35"
1,0,"Jafar - Striking Illusionist",003,042,Amethyst,Legendary,"€4.60","€7.31"
2,0,"Lena Sabrewing - Rebellious Teenager",003,043,Amethyst,Common,"€0.08","€0.14"
0,0,"Magic Broom - Dancing Duster",003,044,Amethyst,Uncommon,"€0.10","€0.16"
1,0,"Magic Broom - Swift Cleaner",003,045,Amethyst,Common,"€0.07","€0.21"
1,0,"Magic Broom - The Big Sweeper",003,046,Amethyst,Common,"€0.08","€0.28"
1,0,"Magic Carpet - Flying Rug",003,047,Amethyst,Common,"€0.08","€0.18"
1,0,"Magica De Spell - Ambitious Witch",003,048,Amethyst,Common,"€0.08","€0.23"
1,0,"Magica De Spell - The Midas Touch",003,049,Amethyst,Super Rare,"€0.18","€0.29"
0,0,"Magica De Spell - Thieving Sorceress",003,050,Amethyst,Uncommon,"€0.08","€0.17"
0,0,"Maleficent - Mistress of All Evil",003,051,Amethyst,Legendary,"€1.95","€3.59"
2,0,"Mama Odie - Voice of Wisdom",003,052,Amethyst,Uncommon,"€0.08","€0.21"
3,0,"Pua - Potbellied Buddy",003,053,Amethyst,Common,"€0.07","€0.20"
1,0,"Rafiki - Mystical Fighter",003,054,Amethyst,Rare,"€0.59","€2.74"
0,0,"Stratos - Tornado Titan",003,055,Amethyst,Rare,"€0.14","€0.64"
1,0,"The Firebird - Force of Destruction",003,056,Amethyst,Common,"€0.08","€0.21"
2,0,"The Queen - Hateful Rival",003,057,Amethyst,Common,"€0.07","€0.19"
1,0,"Treasure Guardian - Protector of the Cave",003,058,Amethyst,Rare,"€0.13","€0.18"
2,0,"Ursula - Sea Witch",003,059,Amethyst,Rare,"€0.19","€0.46"
1,0,"Bestow a Gift",003,060,Amethyst,Common,"€0.08","€0.16"
0,0,"It Calls Me",003,061,Amethyst,Uncommon,"€0.08","€0.21"
0,0,"Last-Ditch Effort",003,062,Amethyst,Uncommon,"€0.08","€0.20"
0,0,"The Boss Is On A Roll",003,063,Amethyst,Rare,"€0.23","€0.84"
0,0,"The Lamp",003,064,Amethyst,Rare,"€0.15","€0.53"
0,0,"The Sorcerer's Hat",003,65,Amethyst,Rare,"€0.14","€0.60"
3,0,"Forbidden Mountain - Maleficent's Castle",003,66,Amethyst,Common,"€0.08","€0.20"
0,0,"The Queen's Castle - Mirror Chamber",003,067,Amethyst,Rare,"€3.96","€12.81"
3,0,"The Sorcerer's Tower - Wondrous Workspace",003,068,Amethyst,Uncommon,"€0.19","€0.66"
2,0,"Cubby - Mighty Lost Boy",003,069,Emerald,Common,"€0.08","€0.24"
0,1,"Cursed Merfolk - Ursula's Handiwork",003,070,Emerald,Rare,"€2.47","€4.21"
2,0,"Don Karnage - Prince of Pirates",003,071,Emerald,Common,"€0.08","€0.21"
0,0,"Flotsam - Riffraff",003,72,Emerald,Common,"€0.08","€0.16"
1,0,"Friar Tuck - Priest Of Nottingham",003,073,Emerald,Uncommon,"€0.09","€0.26"
1,0,"Helga Sinclair - Femme Fatale",003,074,Emerald,Super Rare,"€0.14","€0.85"
0,0,"Helga Sinclair - Vengeful Partner",003,075,Emerald,Rare,"€0.12","€0.32"
1,0,"Jetsam - Riffraff",003,76,Emerald,Common,"€0.07","€0.17"
0,0,"Kit Cloudkicker - Tough Guy",003,077,Emerald,Uncommon,"€0.21","€0.66"
0,0,"Lyle Tiberius Rourke - Cunning Mercenary",003,078,Emerald,Super Rare,"€0.49","€2.21"
2,0,"Milo Thatch - Clever Cartographer",003,079,Emerald,Common,"€0.08","€0.20"
0,0,"Milo Thatch - King of Atlantis",003,080,Emerald,Legendary,"€1.68","€3.81"
0,0,"Morph - Space Goo",003,081,Emerald,Rare,"€0.95","€4.70"
0,0,"Peter Pan - Lost Boy Leader",003,82,Emerald,Rare,"€0.11","€0.22"
1,0,"Prince John - Phony King",003,083,Emerald,Uncommon,"€0.11","€0.21"
2,0,"Robin Hood - Daydreamer",003,084,Emerald,Rare,"€0.14","€0.99"
0,0,"Shenzi - Hyena Pack Leader",003,085,Emerald,Super Rare,"€0.21","€0.74"
2,0,"Sir Hiss - Aggravating Asp",003,086,Emerald,Common,"€0.12","€0.34"
2,1,"Skippy - Energetic Rabbit",003,087,Emerald,Common,"€0.07","€0.12"
2,0,"Starkey - Devious Pirate",003,088,Emerald,Uncommon,"€0.08","€0.25"
0,1,"Stitch - Covert Agent",003,089,Emerald,Rare,"€0.20","€0.35"
1,0,"Ursula - Deceiver",003,90,Emerald,Uncommon,"€0.89","€4.35"
2,0,"Ursula - Deceiver of All",003,091,Emerald,Legendary,"€21.36","€24.00"
0,0,"Wildcat - Mechanic",003,092,Emerald,Uncommon,"€0.11","€0.21"
2,0,"Zazu - Steward of the Pride Lands",003,093,Emerald,Common,"€0.08","€0.17"
1,0,"Has Set My Heaaaaaaart . . .",003,094,Emerald,Uncommon,"€0.08","€0.21"
0,0,"I Will Find My Way",003,095,Emerald,Common,"€0.08","€0.20"
1,0,"Strike A Good Match",003,096,Emerald,Common,"€0.07","€0.21"
0,0,"Airfoil",003,097,Emerald,Common,"€0.08","€0.14"
0,0,"Robin's Bow",003,098,Emerald,Uncommon,"€0.08","€0.21"
1,0,"Starlight Vial",003,099,Emerald,Rare,"€0.14","€0.35"
2,0,"De Vil Manor - Cruella's Estate",003,100,Emerald,Common,"€0.08","€0.14"
3,0,"Fang - River City",003,101,Emerald,Rare,"€0.13","€0.84"
2,0,"Kuzco's Palace - Home of the Emperor",003,102,Emerald,Uncommon,"€0.08","€0.36"
1,0,"Ariel - Adventurous Collector",003,103,Ruby,Super Rare,"€0.19","€0.86"
2,0,"Billy Bones - Keeper of the Map",003,104,Ruby,Common,"€0.08","€0.18"
0,0,"Captain Hook - Master Swordsman",003,105,Ruby,Rare,"€0.14","€0.35"
4,0,"Della Duck - Unstoppable Mom",003,106,Ruby,Common,"€0.08","€0.20"
5,0,"HeiHei - Accidental Explorer",003,107,Ruby,Uncommon,"€0.08","€0.27"
0,0,"Hydra - Deadly Serpent",003,108,Ruby,Legendary,"€1.68","€3.99"
0,0,"Jim Hawkins - Space Traveler",003,109,Ruby,Legendary,"€8.94","€13.12"
1,0,"Jim Hawkins - Thrill Seeker",003,110,Ruby,Common,"€0.08","€0.20"
6,0,"Kakamora - Menacing Sailor",003,111,Ruby,Common,"€0.07","€0.20"
0,0,"Madame Medusa - The Boss",003,112,Ruby,Super Rare,"€1.68","€8.76"
4,0,"Maui - Soaring Demigod",003,113,Ruby,Uncommon,"€0.08","€0.29"
2,0,"Maui - Whale",003,114,Ruby,Rare,"€0.17","€0.48"
1,0,"Milo Thatch - Spirited Scholar",003,115,Ruby,Common,"€0.07","€0.20"
0,1,"Moana - Born Leader",003,116,Ruby,Rare,"€0.13","€0.21"
5,0,"Moana - Undeterred Voyager",003,117,Ruby,Common,"€0.11","€0.20"
2,0,"Nutsy - Vulture Henchman",003,118,Ruby,Common,"€0.08","€0.16"
2,0,"Peter Pan - Never Land Hero",003,119,Ruby,Common,"€0.08","€0.24"
0,0,"Peter Pan - Pirate's Bane",003,120,Ruby,Rare,"€0.17","€0.63"
1,0,"Prince Eric - Expert Helmsman",003,121,Ruby,Super Rare,"€0.39","€1.74"
2,0,"Scroop - Backstabber",003,122,Ruby,Uncommon,"€0.08","€0.21"
1,0,"Simba - Scrappy Cub",003,123,Ruby,Rare,"€0.11","€0.90"
1,0,"Slightly - Lost Boy",003,124,Ruby,Uncommon,"€0.08","€0.21"
3,0,"Stitch - Little Rocket",003,125,Ruby,Common,"€0.10","€0.27"
1,0,"Trigger - Not-So-Sharp Shooter",003,126,Ruby,Uncommon,"€0.08","€0.14"
4,0,"Webby Vanderquack - Enthusiastic Duck",003,127,Ruby,Common,"€0.08","€0.14"
0,0,"Divebomb",003,128,Ruby,Uncommon,"€0.08","€0.21"
0,0,"I've Got a Dream",003,129,Ruby,Uncommon,"€0.08","€0.37"
0,0,"On Your Feet! Now!",003,130,Ruby,Rare,"€0.15","€0.47"
2,0,"Voyage",003,131,Ruby,Common,"€0.08","€0.35"
2,0,"Maui's Fish Hook",003,132,Ruby,Rare,"€0.22","€1.08"
2,0,"Sumerian Talisman",003,133,Ruby,Uncommon,"€0.08","€0.21"
5,0,"Agrabah - Marketplace",003,134,Ruby,Common,"€0.08","€0.17"
1,0,"Jolly Roger - Hook's Ship",003,135,Ruby,Uncommon,"€0.10","€0.27"
1,0,"RLS Legacy - Solar Galleon",003,136,Ruby,Rare,"€0.35","€1.78"
0,1,"Audrey Ramirez - The Engineer",003,137,Sapphire,Rare,"€0.20","€0.41"
0,0,"Captain Amelia - First In Command",003,138,Sapphire,Common,"€0.08","€0.20"
2,0,"Dewey - Showy Nephew",003,139,Sapphire,Uncommon,"€0.11","€0.24"
3,0,"Flintheart Glomgold - Lone Cheater",003,140,Sapphire,Uncommon,"€0.08","€0.23"
2,0,"Genie - Cramped in the Lamp",003,141,Sapphire,Uncommon,"€0.08","€0.27"
6,0,"Gramma Tala - Keeper of Ancient Stories",003,142,Sapphire,Common,"€0.12","€0.74"
0,0,"Gramma Tala - Spirit of the Ocean",003,143,Sapphire,Legendary,"€2.47","€3.78"
1,0,"Gyro Gearloose - Gadget Whiz",003,144,Sapphire,Rare,"€0.11","€0.56"
1,0,"Huey - Savvy Nephew",003,145,Sapphire,Rare,"€0.20","€0.52"
0,0,"King Louie - Bandleader",003,146,Sapphire,Common,"€0.07","€0.15"
1,0,"Kit Cloudkicker - Navigator",003,147,Sapphire,Uncommon,"€0.08","€0.18"
0,0,"Kit Cloudkicker - Spunky Bear Cub",003,148,Sapphire,Common,"€0.08","€0.20"
4,0,"Louie - Chill Nephew",003,149,Sapphire,Common,"€0.08","€0.18"
4,1,"Maid Marian - Delightful Dreamer",003,150,Sapphire,Common,"€0.08","€0.20"
0,0,"Mama Odie - Mystical Maven",003,151,Sapphire,Rare,"€0.12","€0.27"
1,0,"Pluto - Mickey's Clever Friend",003,152,Sapphire,Common,"€0.08","€0.20"
3,0,"Rufus - Orphanage Cat",003,153,Sapphire,Common,"€0.07","€0.14"
0,1,"Scrooge McDuck - Richest Duck in the World",003,154,Sapphire,Super Rare,"€0.20","€0.24"
3,0,"Scrooge Mcduck - Uncle Moneybags",003,155,Sapphire,Uncommon,"€0.08","€0.23"
1,0,"The Queen - Mirror Seeker",003,156,Sapphire,Uncommon,"€0.08","€0.21"
1,1,"Tinker Bell - Very Clever Fairy",003,157,Sapphire,Super Rare,"€0.18","€0.29"
0,0,"Wendy Darling - Authority on Peter Pan",003,158,Sapphire,Super Rare,"€0.21","€0.73"
1,0,"Distract",003,159,Sapphire,Common,"€0.08","€0.16"
2,0,"Friend Like Me",003,160,Sapphire,Rare,"€0.14","€0.85"
1,0,"How Far I'll Go",003,161,Sapphire,Uncommon,"€0.21","€0.90"
2,0,"Repair",003,162,Sapphire,Common,"€0.08","€0.20"
1,0,"Aurelian Gyrosensor",003,163,Sapphire,Rare,"€0.15","€0.39"
0,0,"Heart of Te Fiti",003,164,Sapphire,Rare,"€0.19","€0.63"
0,0,"Lucky Dime",003,165,Sapphire,Legendary,"€11.93","€18.22"
1,0,"Scrooge's Top Hat",003,166,Sapphire,Uncommon,,
4,0,"Vault Door",003,167,Sapphire,Common,,
0,0,"Belle's House - Maurice's Workshop",003,168,Sapphire,Rare,"€0.23","€0.44"
2,0,"McDuck Manor - Scrooge's Mansion",003,169,Sapphire,Common,"€0.10","€0.37"
3,0,"Motunui - Island Paradise",003,170,Sapphire,Uncommon,"€0.10","€0.46"
1,0,"Chief Tui - Proud of Motunui",003,171,Steel,Common,"€0.07","€0.14"
2,0,"Eeyore - Overstuffed Donkey",003,172,Steel,Common,"€0.08","€0.23"
0,0,"Gustav The Giant - Terror of the Kingdom",003,173,Steel,Rare,"€0.12","€0.63"
1,0,"Hades - Hotheaded Ruler",003,174,Steel,Rare,"€0.11","€0.64"
1,0,"Helga Sinclair - Right-Hand Woman",003,175,Steel,Common,"€0.08","€0.21"
1,0,"John Silver - Greedy Treasure Seeker",003,176,Steel,Rare,"€0.56","€2.08"
2,0,"Kida - Royal Warrior",003,177,Steel,Common,"€0.11","€0.21"
0,0,"Little John - Resourceful Outlaw",003,178,Steel,Super Rare,"€0.20","€0.55"
1,0,"Little John - Robin's Pal",003,179,Steel,Uncommon,"€0.09","€0.25"
1,0,"Lythos - Rock Titan",003,180,Steel,Uncommon,"€0.08","€0.18"
2,0,"Mickey Mouse - Stalwart Explorer",003,181,Steel,Common,"€0.08","€0.20"
1,0,"Mickey Mouse - Trumpeter",003,182,Steel,Legendary,"€1.53","€4.32"
3,1,"Minnie Mouse - Funky Spelunker",003,183,Steel,Common,"€0.07","€0.18"
1,0,"Mr. Smee - Bumbling Mate",003,184,Steel,Uncommon,"€1.14","€6.90"
0,0,"Mufasa - Champion of the Pride Lands",003,185,Steel,Rare,"€0.12","€0.45"
1,0,"Nala - Fierce Friend",003,186,Steel,Uncommon,"€0.08","€0.18"
1,0,"Pyros - Lava Titan",003,187,Steel,Rare,"€0.14","€0.91"
1,0,"Razoul - Palace Guard",003,188,Steel,Common,"€0.07","€0.20"
0,0,"Robin Hood - Beloved Outlaw",003,189,Steel,Common,"€0.12","€0.68"
0,0,"Robin Hood - Champion of Sherwood",003,190,Steel,Legendary,"€28.91","€40.27"
0,0,"Sheriff of Nottingham - Corrupt Official",003,191,Steel,Super Rare,"€0.20","€0.84"
0,0,"Simba - Fighting Prince",003,192,Steel,Super Rare,"€0.36","€1.64"
0,0,"Simba - Rightful King",003,193,Steel,Uncommon,"€0.10","€0.25"
1,0,"Thaddeus E. Klang - Metallic Leader",003,194,Steel,Uncommon,"€0.08","€0.16"
1,0,"And Then Along Came Zeus",003,195,Steel,Rare,"€3.87","€7.53"
2,0,"Ba-boom!",003,196,Steel,Common,"€0.12","€0.29"
1,0,"Olympus Would Be That Way",003,197,Steel,Common,"€0.08","€0.15"
1,0,"Rise of the Titans",003,198,Steel,Uncommon,"€0.12","€0.36"
2,0,"Captain Hook's Rapier",003,199,Steel,Uncommon,"€0.08","€0.23"
2,0,"Gizmosuit",003,200,Steel,Common,"€0.07","€0.11"
1,0,"Map of Treasure Planet",003,201,Steel,Rare,"€0.14","€0.69"
0,0,"Maui's Place of Exile - Hidden Island",003,202,Steel,Rare,"€0.14","€0.24"
1,0,"Nottingham - Prince John's Castle",003,203,Steel,Common,"€0.11","€0.23"
2,0,"The Bayou - Mysterious Swamp",003,204,Steel,Uncommon,"€0.10","€0.47"
0,0,"Chernabog - Evildoer",003,205,Amber,Enchanted,"€93.42","€93.42"
0,0,"Kida - Protector of Atlantis",003,206,Amber,Enchanted,"€104.91","€104.91"
0,0,"Pride Lands - Pride Rock",003,207,Amber,Enchanted,"€42.14","€42.14"
0,0,"Jafar - Striking Illusionist",003,208,Amethyst,Enchanted,"€100.29","€100.29"
0,0,"Maleficent - Mistress of All Evil",003,209,Amethyst,Enchanted,"€74.49","€74.49"
0,0,"The Sorcerer's Hat",003,210,Amethyst,Enchanted,"€39.00","€39.00"
0,0,"Morph - Space Goo",003,211,Emerald,Enchanted,"€116.67","€116.67"
0,0,"Ursula - Deceiver of All",003,212,Emerald,Enchanted,"€170.62","€170.62"
0,0,"Kuzco's Palace - Home of the Emperor",003,213,Emerald,Enchanted,"€29.95","€29.95"
0,0,"Captain Hook - Master Swordsman",003,214,Ruby,Enchanted,"€51.30","€51.30"
0,0,"Peter Pan - Pirate's Bane",003,215,Ruby,Enchanted,"€60.28","€60.28"
0,0,"RLS Legacy - Solar Galleon",003,216,Ruby,Enchanted,"€40.46","€40.46"
0,0,"Gramma Tala - Spirit of the Ocean",003,217,Sapphire,Enchanted,"€48.15","€48.15"
0,0,"Scrooge McDuck - Richest Duck in the World",003,218,Sapphire,Enchanted,"€100.59","€100.59"
0,0,"Belle's House - Maurice's Workshop",003,219,Sapphire,Enchanted,"€32.07","€32.07"
0,0,"Mickey Mouse - Trumpeter",003,220,Steel,Enchanted,"€69.43","€69.43"
0,0,"Robin Hood - Champion of Sherwood",003,221,Steel,Enchanted,"€169.37","€169.37"
0,0,"And Then Along Came Zeus",003,222,Steel,Enchanted,"€106.48","€106.48"
0,0,"Piglet - Pooh Pirate Captain",003,223,Amber,Super Rare,"€8.69","€8.69"
3,0,"Agustin Madrigal - Clumsy Dad",004,001,Amber,Common,"€0.08","€0.12"
0,0,"Alma Madrigal - Family Matriarch",004,002,Amber,Rare,"€0.20","€0.63"
1,0,"Ariel - Singing Mermaid",004,003,Amber,Rare,"€0.20","€0.71"
1,0,"Cinderella - Melody Weaver",004,004,Amber,Legendary,"€1.73","€2.74"
0,0,"Cogsworth - Majordomo",004,005,Amber,Common,"€0.08","€0.13"
2,0,"Daisy Duck - Lovely Lady",004,006,Amber,Uncommon,"€0.11","€0.47"
3,0,"Daisy Duck - Musketeer Spy",004,007,Amber,Common,"€0.07","€0.30"
2,0,"Donald Duck - Musketeer Soldier",004,008,Amber,Uncommon,"€0.30","€3.34"
3,0,"Félix Madrigal - Fun-Loving Family Man",004,009,Amber,Uncommon,"€0.08","€0.44"
0,0,"Gaston - Despicable Dealer",004,010,Amber,Super Rare,"€0.32","€1.10"
1,0,"Golden Harp - Enchanter of the Land",004,011,Amber,Rare,"€0.24","€0.77"
2,0,"Goofy - Musketeer Swordsman",004,012,Amber,Rare,"€0.20","€0.29"
2,0,"Julieta Madrigal - Excellent Cook",004,013,Amber,Uncommon,"€0.12","€5.99"
2,0,"Max - Loyal Sheepdog",004,014,Amber,Common,"€0.07","€0.14"
3,0,"Mickey Mouse - Leader of the Band",004,015,Amber,Uncommon,"€0.12","€0.63"
0,0,"Mickey Mouse - Musketeer Captain",004,016,Amber,Legendary,"€1.42","€3.69"
0,0,"Minnie Mouse - Musketeer Champion",004,017,Amber,Super Rare,"€0.21","€0.54"
0,1,"Mirabel Madrigal - Gift of the Family",004,018,Amber,Super Rare,"€0.18","€0.18"
3,0,"Mirabel Madrigal - Prophecy Finder",004,019,Amber,Common,"€0.07","€0.12"
1,0,"Pluto - Rescue Dog",004,020,Amber,Common,"€0.12","€0.14"
4,0,"Prince Eric - Seafaring Prince",004,021,Amber,Common,"€0.08","€0.20"
0,0,"Prince Eric - Ursula's Groom",004,022,Amber,Uncommon,"€0.12","€0.47"
5,0,"Stitch - Alien Dancer",004,023,Amber,Common,"€0.08","€0.21"
1,0,"Ursula - Eric's Bride",004,024,Amber,Rare,"€0.33","€1.21"
3,0,"Ursula - Vanessa",004,025,Amber,Common,"€0.12","€0.45"
2,0,"Bruno's Return",004,026,Amber,Uncommon,"€0.08","€0.51"
2,1,"First Aid",004,027,Amber,Common,"€0.08","€0.11"
2,0,"Look At This Family",004,028,Amber,Rare,"€0.20","€0.91"
4,0,"Lost In The Woods",004,029,Amber,Uncommon,"€0.12","€0.37"
0,0,"Sign The Scroll",004,030,Amber,Uncommon,"€0.11","€0.37"
0,0,"Miracle Candle",004,031,Amber,Rare,"€0.21","€0.68"
2,0,"Record Player",004,032,Amber,Common,"€0.08","€0.20"
0,0,"Atlantica - Concert Hall",004,033,Amber,Common,"€0.08","€0.20"
0,0,"The Underworld - River Styx",004,034,Amber,Rare,"€0.27","€0.69"
4,0,"Antonio Madrigal - Animal Expert",004,035,Amethyst,Uncommon,"€0.08","€0.41"
1,1,"Belle - Accomplished Mystic",004,036,Amethyst,Super Rare,"€0.90","€20.48"
3,0,"Belle - Untrained Mystic",004,037,Amethyst,Common,"€0.08","€0.20"
0,1,"Bruno Madrigal - Out of the Shadows",004,038,Amethyst,Rare,"€0.20","€0.21"
1,0,"Bruno Madrigal - Undetected Uncle",004,039,Amethyst,Super Rare,"€0.88","€1.97"
2,0,"Camilo Madrigal - Prankster",004,040,Amethyst,Uncommon,"€0.08","€0.44"
5,0,"Dolores Madrigal - Easy Listener",004,041,Amethyst,Common,"€0.07","€0.19"
1,0,"Elsa - Storm Chaser",004,042,Amethyst,Rare,"€0.20","€0.83"
1,0,"Flotsam - Ursula's ""Baby""",004,043,Amethyst,Uncommon,"€0.09","€0.47"
1,0,"Flotsam & Jetsam - Entangling Eels",004,044,Amethyst,Uncommon,"€0.10","€0.42"
1,0,"Isabela Madrigal - Golden Child",004,045,Amethyst,Rare,"€0.30","€1.15"
1,0,"Jetsam - Ursula's ""Baby""",004,046,Amethyst,Common,"€0.08","€0.20"
3,0,"Luisa Madrigal - Magically Strong One",004,047,Amethyst,Common,"€0.08","€0.13"
0,0,"Magic Broom - Illuminary Keeper",004,048,Amethyst,Common,"€0.12","€1.59"
1,0,"Magic Broom - Lively Sweeper",004,049,Amethyst,Common,"€0.07","€0.20"
2,0,"Magical Maid - Feather Duster",004,050,Amethyst,Uncommon,"€0.08","€0.37"
4,0,"Marshmallow - Terrifying Snowman",004,051,Amethyst,Uncommon,"€0.08","€0.47"
0,0,"Mrs. Potts - Enchanted Teapot",004,052,Amethyst,Rare,"€0.21","€0.32"
1,0,"Pepa Madrigal - Weather Maker",004,053,Amethyst,Rare,"€0.13","€0.46"
0,0,"Peter Pan - Shadow Finder",004,054,Amethyst,Super Rare,"€0.63","€1.90"
2,0,"Pico - Helpful Toucan",004,055,Amethyst,Common,"€0.07","€0.19"
3,0,"Tick-Tock - Ever-Present Pursuer",004,056,Amethyst,Common,"€0.08","€0.13"
2,0,"Ursula - Mad Sea Witch",004,057,Amethyst,Uncommon,"€0.17","€1.15"
1,1,"Ursula - Sea Witch Queen",004,058,Amethyst,Legendary,"€10.03","€10.37"
0,0,"Yen Sid - Powerful Sorcerer",004,059,Amethyst,Legendary,"€9.39","€9.39"
4,0,"Poor Unfortunate Souls",004,060,Amethyst,Common,"€0.08","€0.13"
0,0,"Second Star To The Right",004,061,Amethyst,Rare,"€0.20","€0.77"
0,0,"Swing Into Action",004,062,Amethyst,Common,"€0.08","€0.13"
0,0,"Ursula's Plan",004,063,Amethyst,Uncommon,"€0.08","€0.47"
1,0,"Mystical Rose",004,064,Amethyst,Rare,"€0.17","€0.66"
1,0,"Rose Lantern",004,065,Amethyst,Common,"€0.07","€0.20"
0,0,"Triton's Trident",004,066,Amethyst,Uncommon,"€0.08","€0.37"
4,0,"Casa Madrigal - Casita",004,067,Amethyst,Common,"€0.07","€0.16"
1,0,"Ursula's Lair - Eye of the Storm",004,068,Amethyst,Rare,"€0.20","€0.69"
0,0,"Cri-Kee - Lucky Cricket",004,069,Emerald,Rare,"€0.50","€2.20"
1,0,"Diablo - Devoted Herald",004,070,Emerald,Legendary,"€24.68","€39.55"
1,0,"Diablo - Maleficent's Spy",004,071,Emerald,Common,"€0.08","€0.64"
0,0,"Gunther - Interior Designer",004,072,Emerald,Common,"€0.08","€0.13"
3,0,"Gus - Champion of Cheese",004,073,Emerald,Common,"€0.08","€0.14"
0,0,"Hades - Double Dealer",004,074,Emerald,Legendary,"€3.26","€4.86"
1,0,"HeiHei - Bumbling Rooster",004,075,Emerald,Uncommon,"€0.17","€3.90"
0,0,"Hera - Queen of the Gods",004,076,Emerald,Rare,"€0.20","€0.63"
1,0,"Jaq - Connoisseur of Climbing",004,077,Emerald,Common,"€0.10","€0.20"
2,0,"Jasmine - Desert Warrior",004,078,Emerald,Rare,"€0.20","€0.80"
2,0,"Megara - Captivating Cynic",004,079,Emerald,Common,"€0.08","€0.20"
2,0,"Megara - Liberated One",004,080,Emerald,Uncommon,"€0.08","€0.55"
0,0,"Pain - Immortal Sidekick",004,081,Emerald,Uncommon,"€0.08","€0.44"
2,0,"Panic - Immortal Sidekick",004,082,Emerald,Uncommon,"€0.08","€0.63"
1,0,"Pegasus - Cloud Racer",004,083,Emerald,Uncommon,"€0.21","€6.64"
0,0,"Pegasus - Gift for Hercules",004,084,Emerald,Common,"€0.20","€0.59"
0,0,"Pete - Born to Cheat",004,085,Emerald,Super Rare,"€0.20","€0.34"
0,0,"Pete - Rotten Guy",004,086,Emerald,Uncommon,"€0.08","€0.47"
0,0,"Prince Phillip - Vanquisher of Foes",004,087,Emerald,Super Rare,"€0.17","€0.85"
1,0,"Prince Phillip - Warden of the Woods",004,088,Emerald,Rare,"€0.20","€0.36"
0,0,"The Fates - Only One Eye",004,089,Emerald,Common,"€0.08","€0.12"
0,0,"The Muses - Proclaimers of Heroes",004,090,Emerald,Rare,"€0.66","€4.06"
3,0,"Tor - Florist",004,091,Emerald,Common,"€0.08","€0.20"
0,0,"Zeus - Mr. Lightning Bolts",004,092,Emerald,Super Rare,"€0.21","€0.81"
0,0,"Dodge!",004,093,Emerald,Common,"€0.07","€0.13"
2,1,"Make The Potion",004,094,Emerald,Common,"€0.08","€0.17"
1,0,"Under The Sea",004,095,Emerald,Rare,"€0.58","€2.08"
0,0,"Ursula's Trickery",004,096,Emerald,Uncommon,"€0.08","€0.36"
0,0,"We Don't Talk About Bruno",004,097,Emerald,Rare,"€1.42","€4.07"
0,0,"Hidden Inkcaster",004,098,Emerald,Common,"€0.08","€0.15"
2,0,"Signed Contract",004,099,Emerald,Uncommon,"€0.08","€0.42"
0,0,"Vision Slab",004,100,Emerald,Uncommon,"€0.12","€0.47"
2,0,"Hidden Cove - Tranquil Haven",004,101,Emerald,Common,"€0.12","€0.24"
0,0,"Ursula's Garden - Full of the Unfortunate",004,102,Emerald,Rare,"€0.20","€0.55"
0,0,"Beast - Wounded",004,103,Ruby,Uncommon,"€0.08","€0.84"
3,1,"Benja - Bold Uniter",004,104,Ruby,Common,"€0.08","€0.12"
1,0,"Fa Zhou - Mulan's Father",004,105,Ruby,Common,"€0.08","€0.13"
1,0,"Flynn Rider - Frenemy",004,106,Ruby,Super Rare,"€4.60","€7.65"
0,1,"Goofy - Super Goof",004,107,Ruby,Rare,"€0.70","€4.75"
3,0,"Hercules - Clumsy Kid",004,108,Ruby,Common,"€0.08","€0.21"
0,0,"Hercules - Daring Demigod",004,109,Ruby,Uncommon,"€0.09","€0.55"
2,0,"Khan - Beloved Steed",004,110,Ruby,Uncommon,"€0.08","€0.47"
0,0,"Li Shang - General's Son",004,111,Ruby,Common,"€0.07","€0.12"
0,0,"Li Shang - Valorous General",004,112,Ruby,Uncommon,"€0.10","€0.51"
0,0,"Lumiere - Fiery Friend",004,113,Ruby,Rare,"€0.29","€0.92"
0,0,"Mulan - Elite Archer",004,114,Ruby,Legendary,"€6.59","€6.59"
1,0,"Mulan - Enemy of Entanglement",004,115,Ruby,Uncommon,"€0.11","€0.53"
3,0,"Mulan - Injured Soldier",004,116,Ruby,Common,"€0.08","€0.30"
0,0,"Namaari - Heir of Fang",004,117,Ruby,Rare,"€0.17","€0.34"
0,0,"Nessus - River Guardian",004,118,Ruby,Uncommon,"€0.08","€0.44"
1,0,"Noi - Acrobatic Baby",004,119,Ruby,Super Rare,"€0.20","€0.68"
3,0,"Pegasus - Flying Steed",004,120,Ruby,Common,"€0.09","€0.21"
2,0,"Raya - Fierce Protector",004,121,Ruby,Super Rare,"€0.21","€0.48"
1,0,"Raya - Guardian of the Dragon Gem",004,122,Ruby,Common,"€0.08","€0.11"
2,0,"Sisu - Daring Visitor",004,123,Ruby,Uncommon,"€0.35",
1,0,"Sisu - Emboldened Warrior",004,124,Ruby,Rare,"€3.54","€9.90"
0,0,"Sisu - Empowered Sibling",004,125,Ruby,Legendary,"€31.92","€37.47"
1,0,"Tong - Survivor",004,126,Ruby,Common,"€0.08","€0.11"
0,0,"Tuk Tuk - Lively Partner",004,127,Ruby,Rare,"€0.23","€1.09"
1,0,"A Pirate's Life",004,128,Ruby,Uncommon,"€0.19","€1,000.64"
0,0,"Be King Undisputed",004,129,Ruby,Rare,"€0.49","€2.47"
1,0,"Brawl",004,130,Ruby,Common,"€0.27","€3.27"
1,0,"Imperial Proclamation",004,131,Ruby,Rare,"€0.20","€0.37"
1,0,"Medallion Weights",004,132,Ruby,Uncommon,"€0.09","€0.47"
1,0,"The Plank",004,133,Ruby,Common,"€0.08","€0.13"
1,0,"Vitalisphere",004,134,Ruby,Common,"€0.09","€0.47"
0,0,"Snuggly Duckling - Disreputable Pub",004,135,Ruby,Rare,"€0.20","€0.60"
0,0,"Training Grounds - Impossible Pillar",004,136,Ruby,Common,"€0.08","€0.20"
2,0,"Anna - Braving the Storm",004,137,Sapphire,Common,"€0.08","€0.21"
0,0,"Anna - True-Hearted",004,138,Sapphire,Super Rare,"€0.40","€1.06"
0,0,"Ariel - Treasure Collector",004,139,Sapphire,Super Rare,"€0.81","€3.26"
0,0,"Aurora - Lore Guardian",004,140,Sapphire,Super Rare,"€0.36","€1.35"
0,0,"Aurora - Tranquil Princess",004,141,Sapphire,Common,"€0.08","€0.19"
0,0,"Dang Hu - Talon Chief",004,142,Sapphire,Rare,"€0.17","€0.25"
3,0,"Fa Li - Mulan's Mother",004,143,Sapphire,Common,"€0.07","€0.20"
0,0,"Flounder - Collector's Companion",004,144,Sapphire,Uncommon,"€0.08","€0.47"
3,0,"Hades - Meticulous Plotter",004,145,Sapphire,Uncommon,"€0.08","€0.53"
2,0,"Hans - Noble Scoundrel",004,146,Sapphire,Common,"€0.08","€0.20"
0,0,"Iduna - Caring Mother",004,147,Sapphire,Uncommon,"€0.08","€0.36"
1,0,"John Silver - Terror of the Realm",004,148,Sapphire,Rare,"€0.20","€0.44"
2,0,"Olaf - Carrot Enthusiast",004,149,Sapphire,Uncommon,"€0.08","€0.47"
1,0,"Olaf - Trusting Companion",004,150,Sapphire,Common,"€0.08","€0.13"
1,0,"Pascal - Inquisitive Pet",004,151,Sapphire,Common,"€0.08","€0.14"
0,0,"Prince Phillip - Gallant Defender",004,152,Sapphire,Rare,"€0.17","€0.32"
0,0,"Rapunzel - Appreciative Artist",004,153,Sapphire,Rare,"€0.17","€0.34"
0,0,"Scuttle - Expert on Humans",004,154,Sapphire,Uncommon,"€0.10","€1.15"
0,0,"Sisu - Wise Friend",004,155,Sapphire,Uncommon,"€0.08","€0.47"
2,0,"The Queen - Diviner",004,156,Sapphire,Legendary,"€6.14","€10.66"
0,0,"Transformed Chef - Castle Stove",004,157,Sapphire,Common,"€0.08","€0.12"
1,0,"Triton - Champion of Atlantica",004,158,Sapphire,Legendary,"€1.15","€2.74"
0,0,"Triton - Discerning King",004,159,Sapphire,Rare,"€0.21","€0.48"
1,0,"Triton - Young Prince",004,160,Sapphire,Uncommon,"€0.08","€0.47"
2,0,"Tuk Tuk - Curious Partner",004,161,Sapphire,Common,"€0.07","€0.13"
1,0,"Dig A Little Deeper",004,162,Sapphire,Uncommon,"€0.08","€0.53"
1,0,"Glean",004,163,Sapphire,Common,"€0.08","€0.13"
3,0,"Seldom All They Seem",004,164,Sapphire,Common,"€0.08","€0.14"
1,0,"Treasures Untold",004,165,Sapphire,Rare,"€0.17","€0.56"
0,0,"Field Of Ice",004,166,Sapphire,Rare,"€0.20","€0.63"
3,0,"Great Stone Dragon",004,167,Sapphire,Uncommon,"€0.21","€3.00"
0,0,"Ice Block",004,168,Sapphire,Common,"€0.12","€1.14"
0,0,"Ariel's Grotto - A Secret Place",004,169,Sapphire,Rare,"€0.20","€0.57"
1,0,"Winter Camp - Medical Tent",004,170,Sapphire,Common,"€0.08","€0.14"
2,0,"Aladdin - Brave Rescuer",004,171,Steel,Uncommon,"€0.10","€1.15"
3,0,"Aladdin - Resolute Swordsman",004,172,Steel,Common,"€0.08","€0.11"
3,0,"Arges - The Cyclops",004,173,Steel,Common,"€0.08","€0.18"
0,0,"Ariel - Determined Mermaid",004,174,Steel,Common,"€0.09","€0.11"
0,0,"Ariel - Sonic Warrior",004,175,Steel,Super Rare,"€0.63","€1.56"
2,0,"Beast - Thick-Skinned",004,176,Steel,Common,"€0.09","€0.11"
1,0,"Chi-Fu - Imperial Advisor",004,177,Steel,Uncommon,"€0.08","€0.36"
0,2,"Chien-Po - Imperial Soldier",004,178,Steel,Common,"€0.09","€0.20"
0,0,"Donald Duck - Buccaneer",004,179,Steel,Legendary,"€3.00","€5.28"
0,1,"Hercules - Beloved Hero",004,180,Steel,Rare,"€0.20","€0.34"
0,0,"LeFou - Opportunistic Flunky",004,181,Steel,Rare,"€0.20","€0.45"
3,0,"Li Shang - Imperial Captain",004,182,Steel,Uncommon,"€0.08","€0.47"
1,0,"Ling - Imperial Soldier",004,183,Steel,Uncommon,"€0.08","€0.51"
0,1,"Luisa Madrigal - Rock of the Family",004,184,Steel,Common,"€0.08","€0.11"
0,1,"Magic Broom - Aerial Cleaner",004,185,Steel,Common,"€0.08","€0.21"
0,0,"Magic Broom - Brigade Commander",004,186,Steel,Super Rare,"€0.42","€1.27"
0,0,"Mickey Mouse - Playful Sorcerer",004,187,Steel,Rare,"€0.74","€1.57"
2,1,"Mickey Mouse - Standard Bearer",004,188,Steel,Common,"€0.10","€0.14"
0,0,"Mulan - Armored Fighter",004,189,Steel,Uncommon,"€0.11","€0.62"
1,0,"Philoctetes - No-Nonsense Instructor",004,190,Steel,Rare,"€0.35","€1.22"
1,0,"Piglet - Sturdy Swordsman",004,191,Steel,Legendary,"€1.42","€4.23"
1,0,"Rajah - Royal Protector",004,192,Steel,Rare,"€0.20","€0.47"
1,0,"Raya - Unstoppable Force",004,193,Steel,Super Rare,"€0.20","€0.63"
3,0,"Yao - Imperial Soldier",004,194,Steel,Common,"€0.08","€0.11"
0,0,"Avalanche",004,195,Steel,Uncommon,"€0.18","€0.79"
0,0,"I Find 'Em, I Flatten 'Em",004,196,Steel,Uncommon,"€0.12","€1.20"
0,0,"One Last Hope",004,197,Steel,Rare,"€0.20","€0.70"
0,1,"The Mob Song",004,198,Steel,Uncommon,"€0.09","€0.53"
2,0,"Triton's Decree",004,199,Steel,Common,"€0.08","€0.11"
0,1,"Fortisphere",004,200,Steel,Common,"€0.12","€0.29"
1,0,"Imperial Bow",004,201,Steel,Uncommon,"€0.08","€0.47"
1,0,"RLS Legacy's Cannon",004,202,Steel,Rare,"€0.20","€0.42"
0,0,"The Wall - Border Fortress",004,203,Steel,Rare,"€0.25","€0.63"
1,0,"Thebes - The Big Olive",004,204,Steel,Common,"€0.08","€0.21"
0,0,"Cinderella - Melody Weaver",004,205,Amber,Enchanted,"€68.09","€68.09"
0,0,"Minnie Mouse - Musketeer Champion",004,206,Amber,Enchanted,"€84.92","€84.92"
0,0,"Look At This Family",004,207,Amber,Enchanted,"€51.03","€51.03"
0,0,"Ursula - Sea Witch Queen",004,208,Amethyst,Enchanted,"€73.13","€73.13"
0,0,"Yen Sid - Powerful Sorcerer",004,209,Amethyst,Enchanted,"€44.62","€44.62"
0,0,"Second Star To The Right",004,210,Amethyst,Enchanted,"€42.90","€42.90"
0,0,"Diablo - Devoted Herald",004,211,Emerald,Enchanted,"€154.64","€154.64"
0,0,"Jasmine - Desert Warrior",004,212,Emerald,Enchanted,"€66.32","€66.32"
0,0,"We Don't Talk About Bruno",004,213,Emerald,Enchanted,"€103.11","€103.11"
0,0,"Goofy - Super Goof",004,214,Ruby,Enchanted,"€72.64","€72.64"
0,0,"Sisu - Empowered Sibling",004,215,Ruby,Enchanted,"€120.54","€120.54"
0,0,"Snuggly Duckling - Disreputable Pub",004,216,Ruby,Enchanted,"€32.07","€32.07"
0,0,"Anna - True-Hearted",004,217,Sapphire,Enchanted,"€61.62","€61.62"
0,0,"The Queen - Diviner",004,218,Sapphire,Enchanted,"€66.54","€66.54"
0,0,"Ariel's Grotto - A Secret Place",004,219,Sapphire,Enchanted,"€32.07","€32.07"
0,0,"Ariel - Sonic Warrior",004,220,Steel,Enchanted,"€183.07","€183.07"
0,0,"Piglet - Sturdy Swordsman",004,221,Steel,Enchanted,"€54.43","€54.43"
0,0,"The Wall - Border Fortress",004,222,Steel,Enchanted,"€29.40","€29.40"
0,0,"Yen Sid - Powerful Sorcerer",004,223,Amethyst,Legendary,"€7.01","€7.53"
0,0,"Mulan - Elite Archer",004,224,Ruby,Legendary,,
0,0,"Mickey Mouse - Playful Sorcerer",004,225,Steel,Rare,"€4.61","€16.32"
1,0,"Koda - Talkative Cub",005,001,Amber,Rare,"€0.20","€0.55"
1,0,"Nala - Mischievous Cub",005,002,Amber,Uncommon,"€0.09","€0.19"
0,0,"Prince Naveen - Ukulele Player",005,003,Amber,Legendary,"€8.34","€18.22"
2,0,"Rutt - Northern Moose",005,004,Amber,Common,"€0.11","€0.21"
0,0,"Kenai - Big Brother",005,005,Amber,Common,"€0.11","€0.14"
4,0,"Vanellope von Schweetz - Sugar Rush Champ",005,006,Amber,Common,"€0.11","€0.21"
2,0,"Tuke - Northern Moose",005,007,Amber,Common,"€0.11","€0.20"
1,0,"Lilo - Junior Cake Decorator",005,008,Amber,Common,"€0.09","€0.21"
1,0,"Vanellope von Schweetz - Candy Mechanic",005,009,Amber,Common,"€0.09","€0.21"
2,0,"Fix-It Felix, Jr. - Trusty Builder",005,010,Amber,Common,"€0.11","€0.11"
1,0,"Gazelle - Pop Star",005,011,Amber,Common,"€0.09","€0.20"
0,0,"Fix-It Felix, Jr. - Niceland Steward",005,012,Amber,Uncommon,"€0.11","€0.57"
0,0,"Kristoff - Reindeer Keeper",005,013,Amber,Rare,"€0.13","€0.63"
0,0,"Mirabel Madrigal - Family Gatherer",005,014,Amber,Legendary,"€1.79","€5.13"
1,0,"Minnie Mouse - Drum Major",005,015,Amber,Super Rare,"€0.18","€0.98"
0,0,"Daisy Duck - Donald's Date",005,016,Amber,Super Rare,"€4.33","€10.65"
1,0,"Fix-It Felix, Jr. - Delighted Sightseer",005,017,Amber,Common,"€0.11","€0.32"
1,0,"Moana - Determined Explorer",005,018,Amber,Rare,"€0.21","€0.79"
0,0,"Vanellope von Schweetz - Sugar Rush Princess",005,019,Amber,Rare,"€0.18","€0.67"
1,0,"Alan-a-Dale - Rockin' Rooster",005,020,Amber,Uncommon,"€0.13","€0.61"
0,0,"Wreck-It Ralph - Admiral Underpants",005,021,Amber,Rare,"€0.20","€0.60"
0,0,"Maid Marian - Lady of the Lists",005,022,Amber,Uncommon,"€0.09","€0.27"
4,0,"Sven - Reindeer Steed",005,023,Amber,Uncommon,"€0.11","€0.59"
1,0,"Minnie Mouse - Compassionate Friend",005,024,Amber,Common,"€0.09","€0.17"
0,0,"Try Everything",005,025,Amber,Uncommon,"€0.11","€0.20"
0,0,"Healing Touch",005,026,Amber,Common,"€0.11","€0.15"
0,0,"Revive",005,027,Amber,Rare,"€0.14","€1.15"
0,0,"Blast From Your Past",005,028,Amber,Super Rare,"€0.17","€1.10"
0,0,"Invited to the Ball",005,029,Amber,Uncommon,"€0.11","€0.53"
1,0,"Healing Decanter",005,030,Amber,Common,"€0.11","€0.20"
1,0,"Queen's Sensor Core",005,031,Amber,Rare,"€0.27","€1.75"
2,0,"Amber Chromicon",005,032,Amber,Uncommon,"€0.11","€0.21"
0,0,"Rapunzel's Tower - Secluded Prison",005,033,Amber,Uncommon,"€0.15","€0.49"
0,0,"Pride Lands - Jungle Oasis",005,034,Amber,Rare,"€0.13","€0.99"
0,0,"Maleficent - Formidable Queen",005,035,Amethyst,Super Rare,"€0.19","€0.66"
1,1,"The Nokk - Mythical Spirit",005,036,Amethyst,Common,"€0.11","€0.15"
2,0,"Cogsworth - Illuminary Watchman",005,037,Amethyst,Common,"€0.10","€0.34"
2,1,"Merlin - Turtle",005,038,Amethyst,Common,"€0.09","€0.25"
2,0,"Archimedes - Exasperated Owl",005,039,Amethyst,Common,"€0.09","€0.26"
0,0,"Bruni - Fire Salamander",005,040,Amethyst,Uncommon,"€0.11","€0.33"
2,1,"Earth Giant - Living Mountain",005,041,Amethyst,Common,"€0.09","€0.21"
1,0,"Gale - Wind Spirit",005,042,Amethyst,Common,"€0.09","€0.20"
0,0,"White Rabbit - Royal Herald",005,043,Amethyst,Common,"€0.11","€0.20"
1,0,"Madam Mim - Elephant",005,044,Amethyst,Super Rare,"€0.84","€3.38"
0,0,"Luisa Madrigal - Entertaining Muscle",005,045,Amethyst,Rare,"€0.14","€0.41"
0,0,"Anna - Mystical Majesty",005,046,Amethyst,Rare,"€0.20","€1.17"
1,1,"Archimedes - Electrified Owl",005,047,Amethyst,Uncommon,"€0.09","€0.29"
1,0,"Elsa - The Fifth Spirit",005,048,Amethyst,Super Rare,"€9.13","€10.71"
0,1,"Genie - Main Attraction",005,049,Amethyst,Legendary,"€2.20","€6.77"
1,0,"Olaf - Happy Passenger",005,050,Amethyst,Rare,"€0.20","€0.53"
0,0,"Maleficent - Vexed Partygoer",005,051,Amethyst,Uncommon,"€0.15","€0.22"
0,0,"Monstro - Whale of a Whale",005,052,Amethyst,Uncommon,"€0.11","€0.21"
1,0,"Magica De Spell - Cruel Sorceress",005,053,Amethyst,Rare,"€0.12","€0.91"
2,0,"Maleficent - Vengeful Sorceress",005,054,Amethyst,Common,"€0.11","€0.19"
0,0,"Rafiki - Shaman Duelist",005,055,Amethyst,Rare,"€0.14","€0.91"
1,0,"Anna - Eager Acolyte",005,056,Amethyst,Common,"€0.09","€0.20"
1,1,"King of Hearts - Monarch of Wonderland",005,057,Amethyst,Uncommon,"€0.09","€0.29"
0,0,"Camilo Madrigal - Family Copycat",005,058,Amethyst,Legendary,"€1.43","€3.82"
0,0,"Hypnotic Strength",005,059,Amethyst,Common,"€0.09","€0.21"
0,0,"Finders Keepers",005,060,Amethyst,Uncommon,"€0.10","€0.61"
1,0,"We Know The Way",005,061,Amethyst,Rare,"€0.14","€0.67"
0,0,"Gathering Knowledge And Wisdom",005,062,Amethyst,Common,"€0.21","€1.15"
4,0,"Magical Aid",005,063,Amethyst,Uncommon,"€0.09","€0.20"
3,0,"Retrosphere",005,064,Amethyst,Common,"€0.09","€0.20"
0,0,"Half Hexwell Crown",005,065,Amethyst,Rare,"€0.14","€0.45"
2,0,"Amethyst Chromicon",005,066,Amethyst,Uncommon,"€0.21","€1.21"
0,0,"Elsa's Ice Palace - Place of Solitude",005,067,Amethyst,Rare,"€0.14","€0.68"
0,0,"The Library - A Gift for Belle",005,068,Amethyst,Uncommon,"€0.46","€3.10"
1,0,"Robin Hood - Timely Contestant",005,069,Emerald,Rare,"€0.12","€0.93"
3,0,"Shenzi - Scar's Accomplice",005,070,Emerald,Uncommon,"€0.10","€0.32"
0,0,"Little John - Camp Cook",005,071,Emerald,Uncommon,"€0.09","€0.21"
0,0,"Zazu - Advisor to Mufasa",005,072,Emerald,Common,"€0.08","€0.20"
1,0,"Ulf - Mime",005,073,Emerald,Common,"€0.08","€0.21"
2,0,"Ed - Laughing Hyena",005,074,Emerald,Common,"€0.09","€0.21"
1,0,"Flora - Good Fairy",005,075,Emerald,Common,"€0.11","€0.14"
1,0,"Merryweather - Good Fairy",005,076,Emerald,Common,"€0.08","€0.21"
2,0,"Robin Hood - Archery Contestant",005,077,Emerald,Common,"€0.09","€0.21"
2,0,"Fauna - Good Fairy",005,078,Emerald,Common,"€0.08","€0.20"
0,0,"Iago - Fake Flamingo",005,079,Emerald,Rare,"€0.21","€0.63"
2,0,"Banzai - Gluttonous Predator",005,080,Emerald,Rare,"€1.52","€3.10"
0,0,"Ed - Hysterical Partygoer",005,081,Emerald,Uncommon,"€0.09","€0.37"
0,0,"Scroop - Odious Mutineer",005,082,Emerald,Super Rare,"€0.20","€0.59"
1,0,"Prince Phillip - Swordsman of the Realm",005,083,Emerald,Super Rare,"€0.21","€0.64"
0,0,"Clarabelle - Light on Her Hooves",005,084,Emerald,Legendary,"€17.16","€22.88"
0,0,"Anna - Diplomatic Queen",005,085,Emerald,Legendary,"€4.60","€14.39"
1,0,"Clarabelle - Clumsy Guest",005,086,Emerald,Common,"€0.08","€0.45"
0,0,"Banzai - Taunting Hyena",005,087,Emerald,Common,"€0.10","€0.21"
0,0,"Robin Hood - Sneaky Sleuth",005,088,Emerald,Uncommon,"€0.13","€0.21"
1,0,"Mother Gothel - Conceited Manipulator",005,089,Emerald,Uncommon,"€0.16","€0.39"
0,0,"Clarabelle - Contented Wallflower",005,090,Emerald,Uncommon,"€0.14","€0.69"
1,0,"Shenzi - Head Hyena",005,091,Emerald,Rare,"€0.14","€0.63"
0,0,"Mother Gothel - Unwavering Schemer",005,092,Emerald,Super Rare,"€0.63","€2.13"
0,0,"Scar - Vengeful Lion",005,093,Emerald,Rare,"€0.21","€0.58"
2,0,"Hypnotic Deduction",005,094,Emerald,Common,"€0.08","€0.20"
1,0,"Night Howler Rage",005,095,Emerald,Common,"€0.08","€0.21"
2,0,"You're Welcome",005,096,Emerald,Uncommon,"€0.21","€1.80"
0,0,"Remember Who You Are",005,097,Emerald,Rare,"€0.21","€0.96"
1,0,"Prince John's Mirror",005,098,Emerald,Rare,"€0.21","€0.84"
1,0,"Obscurosphere",005,099,Emerald,Common,"€0.08","€0.21"
3,0,"Emerald Chromicon",005,100,Emerald,Uncommon,"€0.20","€0.23"
1,0,"Sherwood Forest - Outlaw Hideaway",005,101,Emerald,Rare,"€0.14","€0.44"
0,0,"Tropical Rainforest - Jaguar Lair",005,102,Emerald,Uncommon,"€0.11","€0.34"
0,0,"Taffyta Muttonfudge - Ruthless Rival",005,103,Ruby,Uncommon,"€0.09","€0.29"
0,0,"Wreck-It Ralph - Demolition Dude",005,104,Ruby,Rare,"€0.18","€0.36"
1,0,"Maximus - Team Champion",005,105,Ruby,Super Rare,"€0.33","€1.39"
1,0,"Turbo - Royal Hack",005,106,Ruby,Uncommon,"€0.09","€0.21"
0,0,"Donald Duck - Pie Slinger",005,107,Ruby,Legendary,"€2.47","€4.86"
0,0,"Rancis Fluggerbutter - Chocolate Charger",005,108,Ruby,Common,"€0.08","€0.21"
0,0,"Scar - Betrayer",005,109,Ruby,Uncommon,"€0.08","€0.28"
1,0,"Snowanna Rainbeau - Cool Competitor",005,110,Ruby,Common,"€0.09","€0.21"
5,0,"Daisy Duck - Spotless Food-Fighter",005,111,Ruby,Common,"€0.08","€0.21"
1,0,"Mickey Mouse - Enthusiastic Dancer",005,112,Ruby,Common,"€0.11","€0.14"
1,0,"Ratigan - Raging Rat",005,113,Ruby,Common,"€0.08","€0.19"
1,0,"Taffyta Muttonfudge - Crowd Favorite",005,114,Ruby,Common,"€0.08","€0.21"
1,0,"Denahi - Avenging Brother",005,115,Ruby,Rare,"€0.15","€0.48"
0,0,"Pete - Steamboat Rival",005,116,Ruby,Super Rare,"€0.21","€0.80"
0,0,"Taffyta Muttonfudge - Sour Speedster",005,117,Ruby,Uncommon,"€0.08","€0.43"
0,1,"Robin Hood - Sharpshooter",005,118,Ruby,Legendary,"€5.39","€10.71"
2,0,"Gaston - Pure Paragon",005,119,Ruby,Rare,"€0.16","€1.03"
2,0,"Pete - Pastry Chomper",005,120,Ruby,Common,"€0.08","€0.16"
0,0,"Arthur - Novice Sparrow",005,121,Ruby,Uncommon,"€0.08","€0.21"
1,0,"Donald Duck - Daisy's Date",005,122,Ruby,Common,"€0.08","€0.21"
0,0,"Ratigan - Party Crasher",005,123,Ruby,Rare,"€0.21","€0.69"
0,0,"Vanellope Von Schweetz - Random Roster Racer",005,124,Ruby,Rare,"€0.17","€0.80"
0,0,"Simba - Adventurous Successor",005,125,Ruby,Common,"€0.08","€0.20"
1,1,"Minnie Mouse - Dazzling Dancer",005,126,Ruby,Uncommon,"€0.09","€0.23"
2,0,"Break Free",005,127,Ruby,Common,"€0.08","€0.21"
1,1,"Evil Comes Prepared",005,128,Ruby,Common,"€0.08","€0.21"
0,0,"Don't Let The Frostbite Bite",005,129,Ruby,Rare,"€0.20","€0.64"
4,0,"Glimmer vs Glimmer",005,130,Ruby,Uncommon,"€0.08","€0.34"
0,0,"Who's With Me?",005,131,Ruby,Super Rare,"€0.17","€0.68"
2,0,"Potion of Might",005,132,Ruby,Common,"€0.08","€0.20"
0,0,"The Sword Released",005,133,Ruby,Rare,"€0.20","€0.58"
1,0,"Ruby Chromicon",005,134,Ruby,Uncommon,"€0.08","€0.74"
1,0,"Sugar Rush Speedway - Starting Line",005,135,Ruby,Rare,"€0.27","€1.35"
0,0,"Ratigan's Party - Seedy Back Room",005,136,Ruby,Uncommon,"€0.09","€0.21"
0,0,"King Candy - Sovereign of Sugar",005,137,Sapphire,Common,"€0.08","€0.21"
1,0,"Chaca - Impressive Daughter",005,138,Sapphire,Common,"€0.08","€0.14"
3,0,"The Queen - Cruelest of All",005,139,Sapphire,Common,"€0.08","€0.24"
0,0,"Scrooge McDuck - Afficionado of Antiquities",005,140,Sapphire,Rare,"€0.27","€1.10"
4,0,"Prince John - Opportunistic Briber",005,141,Sapphire,Common,"€0.08","€0.16"
2,0,"Merlin - Back from Bermuda",005,142,Sapphire,Common,"€0.08","€0.21"
0,0,"Pacha - Emperor's Guide",005,143,Sapphire,Uncommon,"€0.14","€0.63"
0,0,"The Queen - Fairest of All",005,144,Sapphire,Super Rare,"€0.20","€0.91"
1,0,"Sheriff Of Nottingham - Bushel Britches",005,145,Sapphire,Rare,"€0.17","€1.20"
0,0,"Chicha - Dedicated Mother",005,146,Sapphire,Rare,"€0.47","€1.68"
0,0,"Prince John - Gold Lover",005,147,Sapphire,Super Rare,"€0.35","€1.28"
0,0,"The Queen - Crown of the Council",005,148,Sapphire,Rare,"€0.12","€0.63"
1,0,"Kuzco - Selfish Emperor",005,149,Sapphire,Super Rare,"€0.47","€2.06"
0,0,"Mufasa - Ruler of Pride Rock",005,150,Sapphire,Legendary,"€6.70","€12.84"
0,0,"Ludwig Von Drake - Self-Proclaimed Genius",005,151,Sapphire,Uncommon,"€0.09","€0.21"
1,1,"Minnie Mouse - Quick-Thinking Inventor",005,152,Sapphire,Common,"€0.08","€0.19"
0,0,"Basil - Practiced Detective",005,153,Sapphire,Common,"€0.08","€0.21"
0,0,"King Candy - Sweet Abomination",005,154,Sapphire,Uncommon,"€0.09","€0.21"
0,0,"Donald Duck - Focused Flatfoot",005,155,Sapphire,Common,"€0.11","€0.29"
1,0,"Tanana - Wise Woman",005,156,Sapphire,Common,"€0.08","€0.16"
3,0,"Tipo - Growing Son",005,157,Sapphire,Uncommon,"€0.53","€6.34"
0,0,"Belle - Of the Ball",005,158,Sapphire,Rare,"€0.21","€1.15"
0,0,"Merlin - Intellectual Visionary",005,159,Sapphire,Legendary,"€2.74","€8.32"
1,0,"Vision of the Future",005,160,Sapphire,Common,"€0.12","€1.31"
0,0,"Royal Tantrum",005,161,Sapphire,Rare,"€0.14","€0.41"
2,0,"Ever as Before",005,162,Sapphire,Common,"€0.08","€0.21"
1,1,"Hide Away",005,163,Sapphire,Uncommon,"€0.20","€1.80"
1,0,"All Funned Out",005,164,Sapphire,Uncommon,"€0.09","€0.20"
1,0,"Medal of Heroes",005,165,Sapphire,Common,"€0.08","€0.24"
0,1,"Basil's Magnifying Glass",005,166,Sapphire,Rare,"€0.11","€0.50"
0,0,"Merlin's Carpetbag",005,167,Sapphire,Uncommon,"€0.09","€0.21"
2,0,"Sapphire Chromicon",005,168,Sapphire,Uncommon,"€0.11","€0.35"
1,0,"The Great Illuminary - Radiant Ballroom",005,169,Sapphire,Rare,"€0.14","€0.52"
2,0,"Merlin's Cottage - The Wizard's Home",005,170,Sapphire,Uncommon,"€0.08","€0.23"
2,0,"Stitch - Team Underdog",005,171,Steel,Uncommon,"€0.08","€0.37"
0,0,"Jafar - Tyrannical Hypnotist",005,172,Steel,Legendary,"€1.42","€4.95"
1,1,"Simba - Lost Prince",005,173,Steel,Common,"€0.08","€0.20"
0,0,"Rudy - Groove Disrupter",005,174,Steel,Common,"€0.08","€0.20"
1,0,"Royal Guard - Bovine Protector",005,175,Steel,Common,"€0.08","€0.15"
2,0,"Mickey Mouse - Food Fight Defender",005,176,Steel,Common,"€0.15","€0.29"
3,0,"Sleepy - Sluggish Knight",005,177,Steel,Uncommon,"€0.08","€0.20"
0,0,"Kronk - Unlicensed Investigator",005,178,Steel,Common,"€0.11","€0.14"
3,0,"HeiHei - Protective Rooster",005,179,Steel,Common,"€0.08","€0.21"
2,0,"Sneezy - Noisy Knight",005,180,Steel,Common,"€0.08","€0.21"
4,0,"Dopey - Knight Apprentice",005,181,Steel,Common,"€0.08","€0.20"
1,0,"Namaari - Resolute Daughter",005,182,Steel,Rare,"€0.16","€0.64"
1,0,"Snow White - Fair-Hearted",005,183,Steel,Super Rare,"€0.36","€1.69"
1,0,"Yzma - Unjustly Treated",005,184,Steel,Rare,"€0.12","€0.53"
0,0,"Kronk - Head of Security",005,185,Steel,Super Rare,"€0.21","€0.52"
0,0,"Grumpy - Skeptical Knight",005,186,Steel,Super Rare,"€0.37","€1.14"
0,0,"Pete - Wrestling Champ",005,187,Steel,Rare,"€0.20","€0.64"
1,0,"Sir Ector - Castle Lord",005,188,Steel,Rare,"€0.14","€0.46"
0,1,"Bashful - Adoring Knight",005,189,Steel,Uncommon,"€0.08","€0.21"
1,0,"Arthur - Wart",005,190,Steel,Uncommon,"€0.08","€0.36"
0,0,"Happy - Lively Knight",005,191,Steel,Common,"€0.08","€0.18"
2,0,"Simba - Son of Mufasa",005,192,Steel,Uncommon,"€0.08","€0.90"
1,0,"Doc - Bold Knight",005,193,Steel,Rare,"€5.13","€7.47"
1,0,"Arthur - King Victorious",005,194,Steel,Legendary,"€1.69","€5.36"
0,0,"Pete - Games Referee",005,195,Steel,Uncommon,"€0.73","€5.89"
0,0,"Tug-of-War",005,196,Steel,Rare,"€0.20","€0.64"
2,0,"When Will My Life Begin?",005,197,Steel,Common,"€0.08","€0.21"
4,0,"Duck for Cover!",005,198,Steel,Common,"€0.08","€0.19"
1,0,"Food Fight!",005,199,Steel,Uncommon,"€0.08","€0.29"
1,0,"Shield of Arendelle",005,200,Steel,Common,"€0.08","€0.21"
1,0,"Plate Armor",005,201,Steel,Rare,"€0.13","€0.64"
0,0,"Steel Chromicon",005,202,Steel,Uncommon,"€0.08","€0.23"
0,0,"Bad-Anon - Villain Support Center",005,203,Steel,Rare,"€0.14","€0.71"
0,0,"Seven Dwarfs' Mine - Secure Fortress",005,204,Steel,Uncommon,"€0.19","€2.30"
0,0,"Prince Naveen - Ukulele Player",005,205,Amber,Enchanted,"€90.62","€90.62"
0,0,"Vanellope von Schweetz - Sugar Rush Princess",005,206,Amber,Enchanted,"€58.61","€58.61"
0,0,"Revive",005,207,Amber,Enchanted,"€40.79","€40.79"
0,0,"Archimedes - Electrified Owl",005,208,Amethyst,Enchanted,"€64.20","€64.20"
0,0,"Olaf - Happy Passenger",005,209,Amethyst,Enchanted,"€52.64","€52.64"
0,0,"Finders Keepers",005,210,Amethyst,Enchanted,"€58.63","€58.63"
0,0,"Clarabelle - Light on Her Hooves",005,211,Emerald,Enchanted,"€110.63","€110.63"
0,0,"Scar - Vengeful Lion",005,212,Emerald,Enchanted,"€100.18","€100.18"
0,0,"You're Welcome",005,213,Emerald,Enchanted,"€66.63","€66.63"
0,0,"Donald Duck - Pie Slinger",005,214,Ruby,Enchanted,"€92.72","€92.72"
0,0,"Robin Hood - Sharpshooter",005,215,Ruby,Enchanted,"€105.64","€105.64"
0,0,"Ratigan's Party - Seedy Back Room",005,216,Ruby,Enchanted,"€30.34","€30.34"
0,0,"Mufasa - Ruler of Pride Rock",005,217,Sapphire,Enchanted,"€265.25","€265.25"
0,0,"King Candy - Sweet Abomination",005,218,Sapphire,Enchanted,"€47.79","€47.79"
0,0,"Royal Tantrum",005,219,Sapphire,Enchanted,"€48.32","€48.32"
0,0,"Snow White - Fair-Hearted",005,220,Steel,Enchanted,"€99.12","€99.12"
0,0,"Arthur - King Victorious",005,221,Steel,Enchanted,"€55.64","€55.64"
0,0,"Bad-Anon - Villain Support Center",005,222,Steel,Enchanted,"€28.35","€28.35"
0,0,"Half Hexwell Crown",005,223,Amethyst,Rare,"€2.22","€2.22"
0,0,"Owl - Pirate Lookout",006,001,Amber,Uncommon,"€0.11","€0.17"
0,0,"Lilo - Escape Artist",006,002,Amber,Super Rare,"€4.60","€11.82"
0,0,"Winnie The Pooh - Hunny Pirate",006,003,Amber,Rare,"€0.14","€0.98"
0,1,"Gopher - Ship's Carpenter",006,004,Amber,Uncommon,"€0.11","€0.17"
0,1,"Simba - Happy-Go-Lucky",006,005,Amber,Common,"€0.11","€0.13"
0,0,"Chip - Friend Indeed",006,006,Amber,Common,"€0.11","€0.16"
0,0,"Dale - Friend in Need",006,007,Amber,Common,"€0.11","€0.13"
0,0,"David - Impressive Surfer",006,008,Amber,Uncommon,"€0.11","€0.21"
0,0,"Prince Naveen - Vigilant First Mate",006,009,Amber,Uncommon,"€0.11","€0.13"
0,1,"Prince Naveen - Carefree Explorer",006,010,Amber,Common,"€0.11","€0.13"
0,0,"Chief Bogo - Gazelle Fan",006,011,Amber,Common,"€0.11","€0.14"
1,0,"Chip - Ranger Leader",006,012,Amber,Uncommon,"€0.11","€0.27"
0,1,"Monterey Jack - Good-hearted Ranger",006,013,Amber,Rare,"€0.11","€0.47"
0,0,"Chip 'n' Dale - Recovery Rangers",006,014,Amber,Rare,"€0.12","€1.15"
1,0,"Judy Hopps - Resourceful Rabbit",006,015,Amber,Rare,"€0.14","€0.45"
1,0,"Tiana - Restaurant Owner",006,016,Amber,Legendary,"€7.27","€13.10"
0,0,"Grand Councilwoman - Federation Leader",006,017,Amber,Uncommon,"€0.11","€0.17"
0,1,"Dale - Mischievous Ranger",006,018,Amber,Uncommon,"€0.11","€0.20"
0,0,"Nani - Caring Sister",006,019,Amber,Rare,"€0.16","€0.88"
0,0,"Simba - Pride Protector",006,020,Amber,Legendary,"€15.52","€26.80"
0,0,"Kanga - Nurturing Mother",006,021,Amber,Rare,"€0.14","€0.79"
0,0,"Rabbit - Indignant Pirate",006,022,Amber,Common,"€0.11","€0.14"
0,0,"Roo - Littlest Pirate",006,023,Amber,Common,"€0.11","€0.14"
0,0,"Mr. Litwak - Arcade Owner",006,024,Amber,Common,"€0.11","€0.17"
1,1,"Jim Hawkins - Honorable Pirate",006,025,Amber,Super Rare,"€0.20","€0.59"
0,0,"Stitch - Little Trickster",006,026,Emerald,Common,"€0.11","€0.17"
0,0,"Good Job!",006,027,Amber,Common,"€0.11","€0.20"
0,0,"I Won't Give In",006,028,Amber,Common,"€0.11","€0.13"
0,0,"Rescue Rangers Away!",006,029,Amber,Uncommon,"€0.11","€0.16"
0,0,"Safe and Sound",006,030,Amber,Rare,"€0.15","€0.40"
0,0,"Naveen's Ukulele",006,031,Amber,Common,"€0.11","€0.16"
0,0,"Pooh Pirate Ship",006,032,Amber,Rare,"€0.14","€0.60"
0,0,"Scrump",006,033,Amber,Uncommon,"€0.11","€0.16"
0,0,"Hundred Acre Island - Pooh's Home",006,034,Amber,Common,"€0.11","€0.13"
1,0,"Sugar Rush Speedway - Finish Line",006,035,Amber,Super Rare,"€0.43","€3.43"
1,0,"Hades - Lord of the Dead",006,036,Amethyst,Rare,"€0.17","€1.36"
0,0,"Madam Mim - Tiny Adversary",006,037,Amethyst,Rare,"€0.13","€0.70"
0,0,"Genie - Excited Shipbuilder",006,038,Amethyst,Common,"€0.11","€0.13"
0,1,"Sisu - In Her Element",006,039,Amethyst,Common,"€0.11","€0.14"
1,0,"The White Rose - Jewel of the Garden",006,040,Amethyst,Common,"€0.29","€1.29"
0,0,"Juju - Mama Odie's Companion",006,041,Amethyst,Common,"€0.11","€0.13"
2,0,"Rafiki - Shaman of the Savanna",006,042,Amethyst,Common,"€0.11","€0.13"
2,0,"Tinker Bell - Fast Flier",006,043,Amethyst,Common,"€0.11","€0.71"
0,0,"The Carpenter - Dinner Companion",006,044,Amethyst,Common,"€0.11","€0.13"
2,0,"Iago - Reappearing Parrot",006,045,Amethyst,Common,"€0.11","€0.16"
0,0,"The Walrus - Greedy Gourmand",006,046,Amethyst,Uncommon,"€0.11","€0.20"
1,0,"Scar - Tempestuous Lion",006,047,Amethyst,Uncommon,"€0.11","€0.21"
1,0,"Tinker Bell - Queen of the Azurite Fairies",006,048,Amethyst,Uncommon,"€0.11","€0.82"
2,0,"Diablo - Obedient Raven",006,049,Amethyst,Uncommon,"€1.42","€6.19"
0,0,"March Hare - Absurd Host",006,050,Amethyst,Uncommon,"€0.11","€0.20"
0,0,"Magic Carpet - Amazing Flier",006,051,Amethyst,Uncommon,"€0.11","€0.21"
1,0,"Rafiki - Ethereal Guide",006,052,Amethyst,Rare,"€0.14","€0.34"
1,0,"Genie - Wish Fulfilled",006,053,Amethyst,Rare,"€16.81","€33.01"
1,0,"Sisu - Uniting Dragon",006,054,Amethyst,Super Rare,"€0.16","€0.90"
0,0,"Madam Mim - Truly Marvelous",006,055,Amethyst,Super Rare,"€0.20","€1.17"
0,0,"Yzma - Conniving Chemist",006,056,Amethyst,Legendary,"€4.60","€13.94"
0,1,"Mama Odie - Solitary Sage",006,057,Amethyst,Rare,"€0.11","€0.65"
2,1,"Peter Pan - Shadow Catcher",006,058,Amethyst,Uncommon,"€0.11","€0.17"
0,0,"Mad Hatter - Eccentric Host",006,059,Amethyst,Super Rare,"€0.33","€1.90"
1,1,"A Very Merry Unbirthday",006,060,Amethyst,Common,"€0.11","€0.14"
0,0,"Genie - Wonderful Trickster",006,061,Amethyst,Legendary,"€1.57","€4.33"
0,0,"Making Magic",006,062,Amethyst,Common,"€0.11","€0.14"
2,0,"Lose The Way",006,063,Amethyst,Uncommon,"€0.11","€0.16"
0,0,"Seeking the Half Crown",006,064,Amethyst,Rare,"€0.14","€0.60"
1,0,"Maleficent's Staff",006,065,Amethyst,Rare,"€0.49","€1.53"
0,0,"Mad Hatter's Teapot",006,066,Amethyst,Common,"€0.11","€0.14"
1,0,"Pixie Dust",006,067,Amethyst,Uncommon,"€0.11","€0.21"
2,0,"Fairy Ship - Royal Vessel",006,068,Amethyst,Common,"€0.11","€0.14"
0,0,"Mystical Tree - Mama Odie's Home",006,069,Amethyst,Rare,"€0.11","€0.44"
0,0,"Jasmine - Royal Seafarer",006,070,Emerald,Rare,"€0.17","€1.04"
0,0,"Captain Hook - Underhanded",006,071,Emerald,Rare,"€0.26","€0.88"
1,0,"Stitch - Alien Buccaneer",006,072,Emerald,Rare,"€0.13","€1.43"
0,0,"Go Go Tomago - Darting Dynamo",006,073,Emerald,Rare,"€4.51","€8.22"
2,0,"Honey Lemon - Chemical Genius",006,074,Emerald,Uncommon,"€0.11","€0.42"
1,0,"Fred - Mascot by Day",006,075,Emerald,Common,"€0.11","€0.17"
0,0,"Tootles - Lost Boy",006,076,Emerald,Common,"€0.11","€0.13"
0,0,"Dawson - Basil's Assistant",006,077,Emerald,Common,"€0.11","€0.13"
0,1,"Heathcliff - Stoic Butler",006,078,Emerald,Common,"€0.11","€0.13"
0,0,"Basil - Hypnotized Mouse",006,079,Emerald,Common,"€0.11","€0.14"
0,0,"Donald Duck - First Mate",006,080,Emerald,Uncommon,"€0.11","€0.17"
1,0,"Daisy Duck - Pirate Captain",006,081,Emerald,Super Rare,"€0.46","€1.67"
0,0,"Mertle Edmonds - Lilo's Rival",006,082,Emerald,Uncommon,"€0.11","€0.15"
2,1,"Prince Phillip - Royal Explorer",006,083,Emerald,Uncommon,"€0.11","€0.19"
0,0,"Jasmine - Royal Commodore",006,084,Emerald,Legendary,"€2.59","€6.52"
0,0,"Peter Pan - Never Land Prankster",006,085,Emerald,Super Rare,"€0.13","€1.43"
1,0,"Hercules - Baby Demigod",006,086,Emerald,Legendary,"€1.57","€3.71"
0,1,"Alistair Krei - Ambitious Entrepreneur",006,087,Emerald,Common,"€0.11","€0.13"
0,0,"Gazelle - Angel with Horns",006,088,Emerald,Common,"€0.11","€0.16"
1,1,"Goofy - Expert Shipwright",006,089,Emerald,Rare,"€0.13","€1.80"
0,0,"Bellwether - Assistant Mayor",006,090,Emerald,Uncommon,"€0.11","€0.23"
1,0,"Basil - Disguised Detective",006,091,Emerald,Uncommon,"€0.11","€1.14"
0,0,"Olivia Flaversham - The Toymaker's Daughter",006,092,Emerald,Rare,"€0.16","€0.84"
1,0,"Bend To My Will",006,093,Emerald,Super Rare,"€0.53","€2.68"
0,0,"Prepare To Board!",006,094,Emerald,Common,"€0.11","€0.13"
3,0,"Heffalumps and Woozles",006,095,Emerald,Common,"€0.11","€0.18"
0,0,"Mosquito Bite",006,096,Emerald,Uncommon,"€0.11","€0.17"
1,0,"You Came Back",006,097,Emerald,Rare,"€0.63","€2.28"
1,0,"Megabot",006,098,Emerald,Uncommon,"€0.11","€0.19"
0,0,"Galactic Communicator",006,099,Emerald,Common,"€0.11","€0.13"
2,0,"Transport Pod",006,100,Emerald,Uncommon,"€0.11","€0.32"
0,0,"Perilous Maze - Watery Labyrinth",006,101,Emerald,Common,"€0.11","€0.17"
1,0,"Owl Island - Secluded Entrance",006,102,Emerald,Rare,"€0.13","€0.69"
1,0,"Mickey Mouse - Pirate Captain",006,103,Ruby,Super Rare,"€0.17","€1.68"
0,0,"Kakamora - Boarding Party",006,104,Ruby,Uncommon,"€0.11","€0.20"
0,0,"Kakamora - Pirate Pitcher",006,105,Ruby,Common,"€0.11","€0.14"
0,0,"Jasmine - Rebellious Princess",006,106,Ruby,Uncommon,"€0.11","€0.20"
0,0,"Raya - Kumandran Rider",006,107,Ruby,Rare,"€0.22","€1.10"
0,0,"Wendy Darling - Courageous Captain",006,108,Ruby,Rare,"€0.41","€0.41"
0,0,"John Silver - Ferocious Friend",006,109,Ruby,Uncommon,"€0.11","€0.21"
0,0,"Vanellope von Schweetz - Gutsy Go-Getter",006,110,Ruby,Uncommon,"€0.11","€0.54"
0,0,"Michael Darling - Playful Swordsman",006,111,Ruby,Common,"€0.11","€0.14"
0,0,"Aladdin - Fearless Navigator",006,112,Ruby,Common,"€0.11","€0.12"
0,0,"Markowski - Space Trooper",006,113,Ruby,Common,"€0.11","€0.14"
0,0,"Abu - Bold Helmsman",006,114,Ruby,Common,"€0.11","€0.13"
0,0,"Mickey Mouse - Courageous Sailor",006,115,Ruby,Common,"€0.11","€0.16"
0,0,"Adorabeezle Winterpop - Ice Rocket Racer",006,116,Ruby,Common,"€0.11","€0.14"
2,1,"Moana - Self-Taught Sailor",006,117,Ruby,Common,"€0.11","€0.51"
0,0,"John Darling - Sophisticated Swordsman",006,118,Ruby,Uncommon,"€0.11","€0.17"
0,0,"Aladdin - Intrepid Commander",006,119,Ruby,Uncommon,"€0.11","€0.31"
1,0,"Minnie Mouse - Pirate Lookout",006,120,Ruby,Super Rare,"€0.27","€1.57"
0,0,"Moana - Kakamora Leader",006,121,Ruby,Rare,"€0.23","€1.47"
0,0,"Pete - Freebooter",006,122,Ruby,Rare,"€0.14","€0.74"
1,0,"Goofy - Flying Goof",006,123,Ruby,Rare,"€0.12","€0.60"
1,0,"Maui - Half-Shark",006,124,Ruby,Legendary,"€31.26","€50.68"
0,0,"Hades - Strong Arm",006,125,Ruby,Legendary,"€1.42","€4.33"
0,0,"Tigger - In the Crow's Nest",006,126,Ruby,Rare,"€0.17","€1.17"
1,0,"Scar - Heartless Hunter",006,127,Ruby,Super Rare,"€0.25","€2.35"
1,0,"Thievery",006,128,Ruby,Common,"€0.11","€0.29"
0,0,"Lead The Way",006,129,Ruby,Common,"€0.11","€0.14"
0,0,"The Islands I Pulled From The Sea",006,130,Ruby,Uncommon,"€0.11","€0.49"
0,0,"Energy Blast",006,131,Ruby,Rare,"€0.11","€0.60"
0,0,"Longboat",006,132,Ruby,Uncommon,"€0.11","€0.14"
2,1,"Gold Coin",006,133,Ruby,Common,"€0.11","€0.15"
1,0,"Card Soldier's Spear",006,134,Ruby,Uncommon,"€0.11","€0.19"
0,0,"Flotilla - Coconut Armada",006,135,Ruby,Rare,"€0.20","€0.60"
0,0,"Skull Rock - Isolated Fortress",006,136,Ruby,Common,"€0.11","€0.14"
0,0,"B.E.N. - Eccentric Robot",006,137,Sapphire,Common,"€0.11","€0.14"
0,0,"Aunt Cass - Biggest Fan",006,138,Sapphire,Common,"€0.11","€0.14"
0,0,"Gadget Hackwrench - Creative Thinker",006,139,Sapphire,Common,"€0.11","€0.14"
1,0,"Gadget Hackwrench - Brilliant Bosun",006,140,Sapphire,Super Rare,"€0.12","€0.86"
0,0,"Zipper - Astute Decoy",006,141,Sapphire,Rare,"€0.13","€0.33"
0,0,"Oswald - The Lucky Rabbit",006,142,Sapphire,Legendary,"€7.03","€18.74"
2,0,"Yokai - Enigmatic Inventor",006,143,Sapphire,Uncommon,"€0.11","€0.23"
0,0,"Pleakley - Scientific Expert",006,144,Sapphire,Uncommon,"€0.11","€0.22"
0,0,"Hiro Hamada - Robotics Prodigy",006,145,Sapphire,Uncommon,"€0.11","€0.21"
0,1,"HeiHei - Not-So-Tricky Chicken",006,146,Sapphire,Uncommon,"€0.11","€0.21"
0,1,"Sour Bill - Surly Henchman",006,147,Sapphire,Common,"€0.11","€0.13"
0,0,"Nick Wilde - Soggy Fox",006,148,Sapphire,Common,"€0.11","€0.13"
1,0,"Wasabi - Methodical Engineer",006,149,Sapphire,Uncommon,"€0.11","€0.21"
0,0,"Nick Wilde - Sly Fox",006,150,Sapphire,Uncommon,"€0.11","€0.17"
0,0,"Gadget Hackwrench - Perceptive Mouse",006,151,Sapphire,Common,"€0.11","€0.14"
0,0,"Dr. Delbert Doppler - Fussy Astronomer",006,152,Sapphire,Uncommon,"€0.11","€0.17"
0,0,"Tadashi Hamada - Baymax Inventor",006,153,Sapphire,Super Rare,"€0.30","€0.70"
0,0,"Hiro Hamada - Team Leader",006,154,Sapphire,Rare,"€0.11","€0.47"
0,0,"Tadashi Hamada - Gifted Roboticist",006,155,Sapphire,Rare,"€0.25","€2.00"
1,0,"Baymax - Personal Healthcare Companion",006,156,Sapphire,Rare,"€0.13","€0.99"
0,1,"Baymax - Armored Companion",006,157,Sapphire,Legendary,"€9.66","€20.16"
0,0,"Yokai - Professor Callaghan",006,158,Sapphire,Common,"€0.11","€0.13"
0,0,"Hiram Flaversham - Intrigued Inventor",006,159,Sapphire,Rare,"€0.17","€0.90"
1,0,"Yokai - Scientific Supervillain",006,160,Sapphire,Rare,"€0.21","€1.34"
1,0,"Alice - Savvy Sailor",006,161,Sapphire,Super Rare,"€1.47","€6.42"
0,0,"We Could Be Immortals",006,162,Sapphire,Rare,"€0.14","€0.59"
3,1,"Sail The Azurite Sea",006,163,Sapphire,Common,"€0.35","€3.33"
0,0,"Helping Hand",006,164,Sapphire,Common,"€0.11","€0.14"
1,0,"Prepare Your Bot",006,165,Sapphire,Uncommon,"€0.11","€0.59"
0,0,"Baymax's Healthcare Chip",006,166,Sapphire,Common,"€0.11","€0.16"
1,0,"Microbots",006,167,Sapphire,Uncommon,"€0.29","€0.62"
0,0,"Jumbo Pop",006,168,Sapphire,Common,"€0.11","€0.14"
0,0,"Rescue Rangers Submarine - Mobile Headquarters",006,169,Sapphire,Rare,"€0.17","€0.90"
0,0,"Institute of Technology - Prestigious University",006,170,Sapphire,Common,"€0.11","€0.14"
0,0,"Kakamora - Long-Range Specialist",006,171,Steel,Common,"€0.11","€0.15"
0,0,"Kakamora - Pirate Chief",006,172,Steel,Rare,"€0.14","€0.53"
0,0,"Jim Hawkins - Stubborn Cabin Boy",006,173,Steel,Common,"€0.11","€0.26"
0,0,"Mr. Big - Shrewd Tycoon",006,174,Steel,Rare,"€0.11","€0.63"
0,0,"Mr. Smee - Steadfast Mate",006,175,Steel,Uncommon,"€0.11","€0.16"
0,0,"Mr. Smee - Captain of the Jolly Roger",006,176,Steel,Super Rare,"€0.17","€1.20"
0,0,"Mullins - Seasoned Shipmate",006,177,Steel,Common,"€0.11","€0.14"
0,0,"Kohut - Trusted Marine",006,178,Steel,Common,"€0.11","€0.14"
0,0,"King Hubert - Phillip's Father",006,179,Steel,Common,"€0.11","€0.14"
0,1,"Hercules - Unwavering Demigod",006,180,Steel,Common,"€0.11","€0.13"
0,1,"John Silver - Ship's Cook",006,181,Steel,Common,"€0.11","€0.16"
2,0,"Mr. Arrow - Legacy's First Mate",006,182,Steel,Common,"€0.11","€0.24"
0,0,"Jim Hawkins - Rigging Specialist",006,183,Steel,Uncommon,"€0.11","€0.26"
0,0,"Tuk Tuk - Big Buddy",006,184,Steel,Uncommon,"€0.11","€0.13"
0,0,"Billy Bones - Space Sailor",006,185,Steel,Uncommon,"€0.11","€0.20"
1,0,"Pluto - Guard Dog",006,186,Steel,Uncommon,"€0.11","€2.97"
0,0,"Mickey Mouse - Night Watch",006,187,Steel,Uncommon,"€0.11","€0.24"
0,0,"Cobra Bubbles - Former CIA",006,188,Steel,Rare,"€0.11","€0.53"
1,1,"Gantu - Captain Crankyhead",006,189,Steel,Rare,"€0.86","€2.75"
0,0,"Wreck-It Ralph - Ham Hands",006,190,Steel,Legendary,"€3.00","€8.29"
1,0,"Calhoun - Marine Sergeant",006,191,Steel,Rare,"€5.95","€11.20"
1,0,"Captain Amelia - Commander of the Legacy",006,192,Steel,Super Rare,"€0.32","€1.62"
1,0,"Jafar - Power-Hungry Vizier",006,193,Steel,Super Rare,"€0.15","€0.66"
0,0,"John Silver - Stern Captain",006,194,Steel,Legendary,"€3.00","€5.51"
0,0,"Hot Potato",006,195,Steel,Uncommon,"€0.11","€0.19"
0,0,"I'm Still Here",006,196,Steel,Common,"€0.11","€0.17"
2,0,"Twin Fire",006,197,Steel,Common,"€0.11","€0.17"
1,0,"Ambush!",006,198,Steel,Rare,"€0.11","€0.77"
2,0,"Unfortunate Situation",006,199,Steel,Uncommon,"€0.11","€0.22"
1,0,"King's Sensor Core",006,200,Steel,Rare,"€0.12","€0.87"
0,1,"Training Dummy",006,201,Steel,Uncommon,"€0.11","€0.18"
0,0,"Sunglasses",006,202,Steel,Common,"€0.11","€0.14"
0,0,"Treasure Mountain - Azurite Sea Island",006,203,Steel,Rare,"€0.14","€0.68"
0,0,"Galactic Council Chamber - Courtroom",006,204,Steel,Common,"€0.11","€0.16"
0,0,"Chip 'n' Dale - Recovery Rangers",006,205,Amber,Enchanted,"€64.64","€64.64"
0,0,"Tiana - Restaurant Owner",006,206,Amber,Enchanted,"€75.62","€75.62"
0,0,"Sugar Rush Speedway - Finish Line",006,207,Amber,Enchanted,,
0,0,"Rafiki - Ethereal Guide",006,208,Amethyst,Enchanted,"€64.13","€64.13"
0,0,"Yzma - Conniving Chemist",006,209,Amethyst,Enchanted,"€58.63","€58.63"
0,0,"Maleficent's Staff",006,210,Amethyst,Enchanted,"€62.08","€62.08"
0,0,"Daisy Duck - Pirate Captain",006,211,Emerald,Enchanted,"€90.55","€90.55"
0,0,"Basil - Disguised Detective",006,212,Emerald,Enchanted,"€85.36","€85.36"
0,0,"You Came Back",006,213,Emerald,Enchanted,"€85.64","€85.64"
0,0,"Raya - Kumandran Rider",006,214,Ruby,Enchanted,"€67.37","€67.37"
0,0,"Tigger - In the Crow's Nest",006,215,Ruby,Enchanted,"€60.54","€60.54"
0,0,"The Islands I Pulled From The Sea",006,216,Ruby,Enchanted,"€40.51","€40.51"
0,0,"Gadget Hackwrench - Brilliant Bosun",006,217,Sapphire,Enchanted,"€54.44","€54.44"
0,0,"Baymax - Personal Healthcare Companion",006,218,Sapphire,Enchanted,"€90.63","€90.63"
0,0,"We Could Be Immortals",006,219,Sapphire,Enchanted,"€50.64","€50.64"
0,0,"Wreck-It Ralph - Ham Hands",006,220,Steel,Enchanted,"€59.64","€59.64"
0,0,"Captain Amelia - Commander of the Legacy",006,221,Steel,Enchanted,"€59.97","€59.97"
0,0,"Treasure Mountain - Azurite Sea Island",006,222,Steel,Enchanted,"€37.61","€37.61"
0,0,"Dragon Fire",C1,P001,Ruby,Promo,"€30.37","€30.37"
0,0,"Let it Go",C1,P002,Sapphire,Promo,"€1,058.94","€1,058.94"
0,0,"Cinderella - Stouthearted",C1,P003,Steel,Promo,"€110.63","€1,032.44"
0,0,"Rapunzel - Gifted with Healing",C1,P004,Amber,Promo,"€122.35","€2,646.16"
0,0,"Mickey Mouse - Brave Little Tailor",D23,P001,Ruby,Promo,"€70.09","€70.09"
0,0,"Cinderella - Stouthearted",D23,P002,Steel,Promo,"€65.63","€65.63"
0,0,"Ursula - Deceiver",D23,P003,Emerald,Promo,"€100.59","€100.59"
0,0,"Bruno Madrigal - Undetected Uncle",D23,P004,Amethyst,Promo,"€34.97","€34.97"
0,0,"Vanellope von Schweetz - Sugar Rush Princess",D23,P005,Amber,Promo,"€31.51","€31.51"
0,0,"Oswald - The Lucky Rabbit",D23,P006,Sapphire,Promo,"€98.09","€98.09"
0,0,"Mickey Mouse - Playful Sorcerer",D23,P007,Steel,Promo,"€207.05","€207.05"
0,0,"Cinderella - Knight in Training",P1,P14,Steel,Promo,"€1.03","€1.03"
0,0,"Bucky - Squirrel Squeak Tutor",P1,P15,Emerald,Promo,"€2.32","€2.32"
0,0,"Minnie Mouse - Wide-Eyed Diver",P1,P16,Ruby,Promo,"€0.96","€0.96"
0,0,"Robin Hood - Capable Fighter",P1,P17,Steel,Promo,"€2.20","€2.20"
0,0,"Mickey Mouse - Friendly Face",P1,P18,Amber,Promo,"€16.27","€16.27"
0,0,"Elsa - Gloves Off",P1,P19,Amethyst,Promo,"€20.22","€20.22"
0,0,"Genie - Powers Unleashed",P1,P20,Emerald,Promo,"€9.60","€9.60"
0,0,"Stitch - Abomination",P1,P21,Ruby,Promo,"€11.42","€11.42"
0,0,"Maleficent - Uninvited",P1,P22,Sapphire,Promo,"€8.09","€8.09"
0,0,"Maui - Demigod",P1,P23,Steel,Promo,"€5.33","€5.33"
0,0,"Gaston - Arrogant Hunter",P1,P24,Ruby,Promo,"€25.35","€25.35"
0,0,"Kit Cloudkicker - Tough Guy",P1,P026,Emerald,Promo,"€2.20","€2.20"
0,0,"Jolly Roger - Hook's Ship",P1,P027,Ruby,Promo,"€0.89","€0.89"
0,0,"How Far I'll Go",P1,P028,Sapphire,Promo,"€2.97","€2.97"
0,0,"John Silver - Greedy Treasure Seeker",P1,P029,Steel,Promo,"€4.73","€4.73"
0,0,"Stitch - Rock Star",P1,P30,Amber,Promo,"€329.90","€329.90"
0,0,"Rapunzel - Gifted Artist",P1,P31,Amber,Promo,"€41.67","€41.67"
0,0,"Pinocchio - Talkative Puppet",P1,P32,Amethyst,Promo,"€41.14","€41.14"
0,0,"Four Dozen Eggs",P1,P33,Sapphire,Promo,"€61.80","€61.80"
0,0,"Mickey Mouse - Leader of the Band",P1,P034,Amber,Promo,"€1.40","€1.40"
0,0,"Ursula's Lair - Eye of the Storm",P1,P035,Amethyst,Promo,"€1.21","€1.21"
0,0,"Hidden Inkcaster",P1,P036,Emerald,Promo,"€0.85","€0.85"
0,0,"Mulan - Enemy of Entanglement",P1,P037,Ruby,Promo,"€1.21","€1.21"
0,0,"Ursula - Sea Witch Queen",P1,P038,Amethyst,Promo,"€85.58","€85.58"
0,0,"Scrooge McDuck - Uncle Moneybags",P1,P039,Sapphire,Promo,"€3.13","€3.13"
0,0,"Flotsam & Jetsam - Entangling Eels",P1,P040,Amethyst,Promo,"€1.80","€1.80"
0,0,"Prince John - Gold Lover",P2,P001,Sapphire,Promo,"€29.73","€29.73"
0,0,"Kristoff - Reindeer Keeper",P2,P002,Amber,Promo,"€23.40","€23.40"
0,0,"Nala - Mischievous Cub",P2,P003,Amber,Promo,"€0.85","€0.85"
0,0,"Finders Keepers",P2,P004,Amethyst,Promo,"€1.46","€1.46"
0,0,"Chicha - Dedicated Mother",P2,P005,Sapphire,Promo,"€1.43","€1.43"
0,0,"Stitch - Team Underdog",P2,P006,Steel,Promo,"€1.32","€1.32"
0,0,"Mirabel Madrigal - Family Gatherer",P2,P007,Amber,Promo,"€35.73","€35.73"
0,0,"Stitch - Alien Buccaneer",P2,P008,Emerald,Promo,"€16.27","€16.27"
0,0,"Aladdin - Intrepid Commander",P2,P009,Ruby,Promo,"€35.52","€35.52"
0,0,"Rescue Rangers Away!",P2,P010,Amber,Promo,"€5.11","€5.11"
0,0,"Honey Lemon - Chemical Genius",P2,P011,Emerald,Promo,"€5.11","€5.11"
0,0,"Minnie Mouse - Pirate Lookout",P2,P012,Ruby,Promo,,
0,1,"Wasabi - Methodical Engineer",P2,P013,Sapphire,Promo,"€3.78","€3.78"
0,0,"Scar - Heartless Hunter",P2,014,Ruby,Enchanted,,
0,0,"Moana - Adventurer of Land and Sea",P2,P026,Sapphire,Promo,"€11.95","€11.95"
